LOCATION,INDICATOR,SUBJECT,MEASURE,FREQUENCY,TIME,Value
AUS,INFRAINVEST,ROAD,EUR,A,1995,2489214911
AUS,INFRAINVEST,ROAD,EUR,A,1996,2807304915
AUS,INFRAINVEST,ROAD,EUR,A,1997,3118945005
AUS,INFRAINVEST,ROAD,EUR,A,1998,3222631948
AUS,INFRAINVEST,ROAD,EUR,A,1999,3971692035
AUS,INFRAINVEST,ROAD,EUR,A,2000,3985384644
AUS,INFRAINVEST,ROAD,EUR,A,2001,3232914774
AUS,INFRAINVEST,ROAD,EUR,A,2002,3174141910
AUS,INFRAINVEST,ROAD,EUR,A,2003,3809467524
AUS,INFRAINVEST,ROAD,EUR,A,2004,4673112063
AUS,INFRAINVEST,ROAD,EUR,A,2005,6047684590
AUS,INFRAINVEST,ROAD,EUR,A,2006,6696458225
AUS,INFRAINVEST,ROAD,EUR,A,2007,7813640359
AUS,INFRAINVEST,ROAD,EUR,A,2008,7904953310
AUS,INFRAINVEST,ROAD,EUR,A,2009,9829927604
AUS,INFRAINVEST,ROAD,EUR,A,2010,10819178342
AUS,INFRAINVEST,ROAD,EUR,A,2011,12985964191
AUS,INFRAINVEST,ROAD,EUR,A,2012,15649722083
AUS,INFRAINVEST,ROAD,EUR,A,2013,13990189647
AUS,INFRAINVEST,ROAD,EUR,A,2014,10988504646
AUS,INFRAINVEST,ROAD,EUR,A,2015,10310609857
AUS,INFRAINVEST,ROAD,EUR,A,2016,10841616558
AUS,INFRAINVEST,ROAD,EUR,A,2017,12673185564
AUS,INFRAINVEST,ROAD,EUR,A,2018,14363912675
AUS,INFRAINVEST,ROAD,EUR,A,2019,13317666734
AUS,INFRAINVEST,ROAD,EUR,A,2020,12671465384
AUS,INFRAINVEST,ROAD,EUR,A,2021,13286823655
AUT,INFRAINVEST,ROAD,EUR,A,1995,457000000
AUT,INFRAINVEST,ROAD,EUR,A,1996,426000000
AUT,INFRAINVEST,ROAD,EUR,A,1997,365000000
AUT,INFRAINVEST,ROAD,EUR,A,1998,430000000
AUT,INFRAINVEST,ROAD,EUR,A,1999,391000000
AUT,INFRAINVEST,ROAD,EUR,A,2000,475000000
AUT,INFRAINVEST,ROAD,EUR,A,2001,640000000
AUT,INFRAINVEST,ROAD,EUR,A,2002,532000000
AUT,INFRAINVEST,ROAD,EUR,A,2003,650000000
AUT,INFRAINVEST,ROAD,EUR,A,2004,720000000
AUT,INFRAINVEST,ROAD,EUR,A,2005,687000000
AUT,INFRAINVEST,ROAD,EUR,A,2006,802000000
AUT,INFRAINVEST,ROAD,EUR,A,2007,870000000
AUT,INFRAINVEST,ROAD,EUR,A,2008,875000000
AUT,INFRAINVEST,ROAD,EUR,A,2009,665000000
AUT,INFRAINVEST,ROAD,EUR,A,2010,390000000
AUT,INFRAINVEST,ROAD,EUR,A,2011,303000000
AUT,INFRAINVEST,ROAD,EUR,A,2012,327000000
AUT,INFRAINVEST,ROAD,EUR,A,2013,363000000
AUT,INFRAINVEST,ROAD,EUR,A,2014,453000000
AUT,INFRAINVEST,ROAD,EUR,A,2015,455000000
AUT,INFRAINVEST,ROAD,EUR,A,2016,444000000
AUT,INFRAINVEST,ROAD,EUR,A,2017,515000000
AUT,INFRAINVEST,ROAD,EUR,A,2018,463000000
AUT,INFRAINVEST,ROAD,EUR,A,2019,562000000
AUT,INFRAINVEST,ROAD,EUR,A,2020,548000000
AUT,INFRAINVEST,ROAD,EUR,A,2021,480000000
BEL,INFRAINVEST,ROAD,EUR,A,1995,160000000
BEL,INFRAINVEST,ROAD,EUR,A,1996,159000000
BEL,INFRAINVEST,ROAD,EUR,A,1997,153000000
BEL,INFRAINVEST,ROAD,EUR,A,1998,152000000
BEL,INFRAINVEST,ROAD,EUR,A,1999,161000000
BEL,INFRAINVEST,ROAD,EUR,A,2000,149000000
BEL,INFRAINVEST,ROAD,EUR,A,2001,147000000
BEL,INFRAINVEST,ROAD,EUR,A,2002,172000000
BEL,INFRAINVEST,ROAD,EUR,A,2003,185000000
BEL,INFRAINVEST,ROAD,EUR,A,2004,156000000
BEL,INFRAINVEST,ROAD,EUR,A,2005,156000000
BEL,INFRAINVEST,ROAD,EUR,A,2006,169000000
BEL,INFRAINVEST,ROAD,EUR,A,2007,166000000
BEL,INFRAINVEST,ROAD,EUR,A,2008,156000000
BEL,INFRAINVEST,ROAD,EUR,A,2009,175000000
BEL,INFRAINVEST,ROAD,EUR,A,2010,348000000
BEL,INFRAINVEST,ROAD,EUR,A,2011,248000000
BEL,INFRAINVEST,ROAD,EUR,A,2012,553000000
BEL,INFRAINVEST,ROAD,EUR,A,2013,587000000
BEL,INFRAINVEST,ROAD,EUR,A,2014,417000000
BEL,INFRAINVEST,ROAD,EUR,A,2015,778000000
BEL,INFRAINVEST,ROAD,EUR,A,2016,810000000
BEL,INFRAINVEST,ROAD,EUR,A,2017,655906000
BEL,INFRAINVEST,ROAD,EUR,A,2018,681000000
BEL,INFRAINVEST,ROAD,EUR,A,2019,735000000
BEL,INFRAINVEST,ROAD,EUR,A,2020,607000000
BEL,INFRAINVEST,ROAD,EUR,A,2021,1311000000
CAN,INFRAINVEST,ROAD,EUR,A,1995,3575646168
CAN,INFRAINVEST,ROAD,EUR,A,1996,3335258780
CAN,INFRAINVEST,ROAD,EUR,A,1997,3476681957
CAN,INFRAINVEST,ROAD,EUR,A,1998,3158939203
CAN,INFRAINVEST,ROAD,EUR,A,1999,3206155010
CAN,INFRAINVEST,ROAD,EUR,A,2000,3725933489
CAN,INFRAINVEST,ROAD,EUR,A,2001,4394605899
CAN,INFRAINVEST,ROAD,EUR,A,2002,3983679525
CAN,INFRAINVEST,ROAD,EUR,A,2003,3936788875
CAN,INFRAINVEST,ROAD,EUR,A,2004,4173160173
CAN,INFRAINVEST,ROAD,EUR,A,2005,5493144333
CAN,INFRAINVEST,ROAD,EUR,A,2006,6777840191
CAN,INFRAINVEST,ROAD,EUR,A,2007,7804479543
CAN,INFRAINVEST,ROAD,EUR,A,2008,8752004104
CAN,INFRAINVEST,ROAD,EUR,A,2009,10890108504
CAN,INFRAINVEST,ROAD,EUR,A,2010,15378704720
CAN,INFRAINVEST,ROAD,EUR,A,2011,15066152951
CAN,INFRAINVEST,ROAD,EUR,A,2012,14756382316
CAN,INFRAINVEST,ROAD,EUR,A,2013,13086085940
CAN,INFRAINVEST,ROAD,EUR,A,2014,5108668220
CAN,INFRAINVEST,ROAD,EUR,A,2015,7214836462
CAN,INFRAINVEST,ROAD,EUR,A,2016,7042672778
CAN,INFRAINVEST,ROAD,EUR,A,2017,7481340454
CAN,INFRAINVEST,ROAD,EUR,A,2018,6431185466
CAN,INFRAINVEST,ROAD,EUR,A,2019,7543245608
CZE,INFRAINVEST,ROAD,EUR,A,1995,282514209.3
CZE,INFRAINVEST,ROAD,EUR,A,1996,305765051
CZE,INFRAINVEST,ROAD,EUR,A,1997,382031169.5
CZE,INFRAINVEST,ROAD,EUR,A,1998,374639290.1
CZE,INFRAINVEST,ROAD,EUR,A,1999,322285881.6
CZE,INFRAINVEST,ROAD,EUR,A,2000,308618742.9
CZE,INFRAINVEST,ROAD,EUR,A,2001,302459964.6
CZE,INFRAINVEST,ROAD,EUR,A,2002,518284866.8
CZE,INFRAINVEST,ROAD,EUR,A,2003,625637901.3
CZE,INFRAINVEST,ROAD,EUR,A,2004,1031226395
CZE,INFRAINVEST,ROAD,EUR,A,2005,1414691140
CZE,INFRAINVEST,ROAD,EUR,A,2006,1491555568
CZE,INFRAINVEST,ROAD,EUR,A,2007,1493648724
CZE,INFRAINVEST,ROAD,EUR,A,2008,2041828599
CZE,INFRAINVEST,ROAD,EUR,A,2009,1985424195
CZE,INFRAINVEST,ROAD,EUR,A,2010,1719545029
CZE,INFRAINVEST,ROAD,EUR,A,2011,1293210027
CZE,INFRAINVEST,ROAD,EUR,A,2012,876329247.8
CZE,INFRAINVEST,ROAD,EUR,A,2013,647511082.4
CZE,INFRAINVEST,ROAD,EUR,A,2014,604013684
CZE,INFRAINVEST,ROAD,EUR,A,2015,885358255.5
CZE,INFRAINVEST,ROAD,EUR,A,2016,849231713.9
CZE,INFRAINVEST,ROAD,EUR,A,2017,984191254.7
CZE,INFRAINVEST,ROAD,EUR,A,2018,1044764479
CZE,INFRAINVEST,ROAD,EUR,A,2019,1383064925
CZE,INFRAINVEST,ROAD,EUR,A,2020,1640906428
CZE,INFRAINVEST,ROAD,EUR,A,2021,1817146779
DNK,INFRAINVEST,ROAD,EUR,A,1995,351844522.4
DNK,INFRAINVEST,ROAD,EUR,A,1996,403679447.8
DNK,INFRAINVEST,ROAD,EUR,A,1997,399577703.8
DNK,INFRAINVEST,ROAD,EUR,A,1998,387743673.2
DNK,INFRAINVEST,ROAD,EUR,A,1999,419468502.9
DNK,INFRAINVEST,ROAD,EUR,A,2000,454533258.2
DNK,INFRAINVEST,ROAD,EUR,A,2001,497034432.8
DNK,INFRAINVEST,ROAD,EUR,A,2002,399165601.2
DNK,INFRAINVEST,ROAD,EUR,A,2003,586620372.2
DNK,INFRAINVEST,ROAD,EUR,A,2004,727832363.3
DNK,INFRAINVEST,ROAD,EUR,A,2005,927707771.4
DNK,INFRAINVEST,ROAD,EUR,A,2006,1190760279
DNK,INFRAINVEST,ROAD,EUR,A,2007,1028882805
DNK,INFRAINVEST,ROAD,EUR,A,2008,935622317.6
DNK,INFRAINVEST,ROAD,EUR,A,2009,713777312.2
DNK,INFRAINVEST,ROAD,EUR,A,2010,936593619.1
DNK,INFRAINVEST,ROAD,EUR,A,2011,1051981693
DNK,INFRAINVEST,ROAD,EUR,A,2012,1323651898
DNK,INFRAINVEST,ROAD,EUR,A,2013,1046943510
DNK,INFRAINVEST,ROAD,EUR,A,2014,1101557365
DNK,INFRAINVEST,ROAD,EUR,A,2015,1086396911
DNK,INFRAINVEST,ROAD,EUR,A,2016,1099470814
DNK,INFRAINVEST,ROAD,EUR,A,2017,1065643190
DNK,INFRAINVEST,ROAD,EUR,A,2018,1083963935
FIN,INFRAINVEST,ROAD,EUR,A,1995,457000000
FIN,INFRAINVEST,ROAD,EUR,A,1996,429000000
FIN,INFRAINVEST,ROAD,EUR,A,1997,436000000
FIN,INFRAINVEST,ROAD,EUR,A,1998,443000000
FIN,INFRAINVEST,ROAD,EUR,A,1999,458000000
FIN,INFRAINVEST,ROAD,EUR,A,2000,488000000
FIN,INFRAINVEST,ROAD,EUR,A,2001,508000000
FIN,INFRAINVEST,ROAD,EUR,A,2002,520000000
FIN,INFRAINVEST,ROAD,EUR,A,2003,533000000
FIN,INFRAINVEST,ROAD,EUR,A,2004,599000000
FIN,INFRAINVEST,ROAD,EUR,A,2005,595000000
FIN,INFRAINVEST,ROAD,EUR,A,2006,650000000
FIN,INFRAINVEST,ROAD,EUR,A,2007,802000000
FIN,INFRAINVEST,ROAD,EUR,A,2008,973000000
FIN,INFRAINVEST,ROAD,EUR,A,2009,922000000
FIN,INFRAINVEST,ROAD,EUR,A,2010,890000000
FIN,INFRAINVEST,ROAD,EUR,A,2011,973000000
FIN,INFRAINVEST,ROAD,EUR,A,2012,1128000000
FIN,INFRAINVEST,ROAD,EUR,A,2013,1148000000
FIN,INFRAINVEST,ROAD,EUR,A,2014,1238000000
FIN,INFRAINVEST,ROAD,EUR,A,2015,1243000000
FIN,INFRAINVEST,ROAD,EUR,A,2016,1178000000
FIN,INFRAINVEST,ROAD,EUR,A,2017,1235000000
FIN,INFRAINVEST,ROAD,EUR,A,2018,1526000000
FIN,INFRAINVEST,ROAD,EUR,A,2019,1522000000
FIN,INFRAINVEST,ROAD,EUR,A,2020,1444000000
FIN,INFRAINVEST,ROAD,EUR,A,2021,1375000000
FRA,INFRAINVEST,ROAD,EUR,A,1995,10805267015
FRA,INFRAINVEST,ROAD,EUR,A,1996,10947662219
FRA,INFRAINVEST,ROAD,EUR,A,1997,10819524890
FRA,INFRAINVEST,ROAD,EUR,A,1998,10532081864
FRA,INFRAINVEST,ROAD,EUR,A,1999,10275291051
FRA,INFRAINVEST,ROAD,EUR,A,2000,10940364409
FRA,INFRAINVEST,ROAD,EUR,A,2001,10920413960
FRA,INFRAINVEST,ROAD,EUR,A,2002,10345177749
FRA,INFRAINVEST,ROAD,EUR,A,2003,10990928004
FRA,INFRAINVEST,ROAD,EUR,A,2004,11526363522
FRA,INFRAINVEST,ROAD,EUR,A,2005,12402058253
FRA,INFRAINVEST,ROAD,EUR,A,2006,12915322777
FRA,INFRAINVEST,ROAD,EUR,A,2007,13883209568
FRA,INFRAINVEST,ROAD,EUR,A,2008,14036319131
FRA,INFRAINVEST,ROAD,EUR,A,2009,14277760990
FRA,INFRAINVEST,ROAD,EUR,A,2010,14497093953
FRA,INFRAINVEST,ROAD,EUR,A,2011,12604291274
FRA,INFRAINVEST,ROAD,EUR,A,2012,13173701531
FRA,INFRAINVEST,ROAD,EUR,A,2013,12866158552
FRA,INFRAINVEST,ROAD,EUR,A,2014,10807203024
FRA,INFRAINVEST,ROAD,EUR,A,2015,10011226322
FRA,INFRAINVEST,ROAD,EUR,A,2016,9216000000
FRA,INFRAINVEST,ROAD,EUR,A,2017,9080000000
FRA,INFRAINVEST,ROAD,EUR,A,2018,9883630000
FRA,INFRAINVEST,ROAD,EUR,A,2019,10413000000
FRA,INFRAINVEST,ROAD,EUR,A,2020,9630572000
FRA,INFRAINVEST,ROAD,EUR,A,2021,10153386000
DEU,INFRAINVEST,ROAD,EUR,A,1995,10216000000
DEU,INFRAINVEST,ROAD,EUR,A,1996,11126000000
DEU,INFRAINVEST,ROAD,EUR,A,1997,10916000000
DEU,INFRAINVEST,ROAD,EUR,A,1998,10850000000
DEU,INFRAINVEST,ROAD,EUR,A,1999,11146000000
DEU,INFRAINVEST,ROAD,EUR,A,2000,11967000000
DEU,INFRAINVEST,ROAD,EUR,A,2001,11558000000
DEU,INFRAINVEST,ROAD,EUR,A,2002,11595000000
DEU,INFRAINVEST,ROAD,EUR,A,2003,10790000000
DEU,INFRAINVEST,ROAD,EUR,A,2004,10710000000
DEU,INFRAINVEST,ROAD,EUR,A,2005,10200000000
DEU,INFRAINVEST,ROAD,EUR,A,2006,10730000000
DEU,INFRAINVEST,ROAD,EUR,A,2007,10845000000
DEU,INFRAINVEST,ROAD,EUR,A,2008,11410000000
DEU,INFRAINVEST,ROAD,EUR,A,2009,12620000000
DEU,INFRAINVEST,ROAD,EUR,A,2010,12250000000
DEU,INFRAINVEST,ROAD,EUR,A,2011,12290000000
DEU,INFRAINVEST,ROAD,EUR,A,2012,11120000000
DEU,INFRAINVEST,ROAD,EUR,A,2013,11390000000
DEU,INFRAINVEST,ROAD,EUR,A,2014,11810000000
DEU,INFRAINVEST,ROAD,EUR,A,2015,11430000000
DEU,INFRAINVEST,ROAD,EUR,A,2016,12090000000
DEU,INFRAINVEST,ROAD,EUR,A,2017,13520000000
DEU,INFRAINVEST,ROAD,EUR,A,2018,15810000000
DEU,INFRAINVEST,ROAD,EUR,A,2019,16750000000
DEU,INFRAINVEST,ROAD,EUR,A,2020,17090000000
DEU,INFRAINVEST,ROAD,EUR,A,2021,16450000000
GRC,INFRAINVEST,ROAD,EUR,A,2000,1402000000
GRC,INFRAINVEST,ROAD,EUR,A,2001,1604000000
GRC,INFRAINVEST,ROAD,EUR,A,2002,1692000000
GRC,INFRAINVEST,ROAD,EUR,A,2003,1636000000
GRC,INFRAINVEST,ROAD,EUR,A,2004,1507000000
GRC,INFRAINVEST,ROAD,EUR,A,2005,1080000000
GRC,INFRAINVEST,ROAD,EUR,A,2006,1392000000
GRC,INFRAINVEST,ROAD,EUR,A,2007,1516000000
GRC,INFRAINVEST,ROAD,EUR,A,2008,1760000000
GRC,INFRAINVEST,ROAD,EUR,A,2009,1791000000
GRC,INFRAINVEST,ROAD,EUR,A,2010,1155277008
GRC,INFRAINVEST,ROAD,EUR,A,2011,1132486646
GRC,INFRAINVEST,ROAD,EUR,A,2012,994576029.8
GRC,INFRAINVEST,ROAD,EUR,A,2013,2036552991
GRC,INFRAINVEST,ROAD,EUR,A,2014,1543220320
GRC,INFRAINVEST,ROAD,EUR,A,2015,1348729715
GRC,INFRAINVEST,ROAD,EUR,A,2016,2187037728
GRC,INFRAINVEST,ROAD,EUR,A,2017,3894932795
GRC,INFRAINVEST,ROAD,EUR,A,2018,2158003344
GRC,INFRAINVEST,ROAD,EUR,A,2019,740871728.9
GRC,INFRAINVEST,ROAD,EUR,A,2020,780984404.2
GRC,INFRAINVEST,ROAD,EUR,A,2021,730716966.2
HUN,INFRAINVEST,ROAD,EUR,A,1995,131084071.5
HUN,INFRAINVEST,ROAD,EUR,A,1996,122846952.3
HUN,INFRAINVEST,ROAD,EUR,A,1997,299210707.7
HUN,INFRAINVEST,ROAD,EUR,A,1998,280473625.9
HUN,INFRAINVEST,ROAD,EUR,A,1999,208516741.7
HUN,INFRAINVEST,ROAD,EUR,A,2000,176594406.2
HUN,INFRAINVEST,ROAD,EUR,A,2001,236922316.8
HUN,INFRAINVEST,ROAD,EUR,A,2002,283669489.2
HUN,INFRAINVEST,ROAD,EUR,A,2003,242685340.2
HUN,INFRAINVEST,ROAD,EUR,A,2004,1426659915
HUN,INFRAINVEST,ROAD,EUR,A,2005,1703158279
HUN,INFRAINVEST,ROAD,EUR,A,2006,583691897.1
HUN,INFRAINVEST,ROAD,EUR,A,2007,645917032
HUN,INFRAINVEST,ROAD,EUR,A,2008,977883708.2
HUN,INFRAINVEST,ROAD,EUR,A,2009,1565229294
HUN,INFRAINVEST,ROAD,EUR,A,2010,840161143.7
HUN,INFRAINVEST,ROAD,EUR,A,2011,298023701.3
HUN,INFRAINVEST,ROAD,EUR,A,2012,152652284.2
HUN,INFRAINVEST,ROAD,EUR,A,2013,400571427
HUN,INFRAINVEST,ROAD,EUR,A,2014,1238414974
HUN,INFRAINVEST,ROAD,EUR,A,2015,1247677055
HUN,INFRAINVEST,ROAD,EUR,A,2016,802745135.8
HUN,INFRAINVEST,ROAD,EUR,A,2017,1280382187
HUN,INFRAINVEST,ROAD,EUR,A,2018,1780313937
HUN,INFRAINVEST,ROAD,EUR,A,2019,2288587059
HUN,INFRAINVEST,ROAD,EUR,A,2020,1820222428
HUN,INFRAINVEST,ROAD,EUR,A,2021,1894279008
ISL,INFRAINVEST,ROAD,EUR,A,1995,74632329.5
ISL,INFRAINVEST,ROAD,EUR,A,1996,69017662
ISL,INFRAINVEST,ROAD,EUR,A,1997,81393166.65
ISL,INFRAINVEST,ROAD,EUR,A,1998,139738320.1
ISL,INFRAINVEST,ROAD,EUR,A,1999,109743456.9
ISL,INFRAINVEST,ROAD,EUR,A,2000,129296512.9
ISL,INFRAINVEST,ROAD,EUR,A,2001,109188715.5
ISL,INFRAINVEST,ROAD,EUR,A,2002,123186943
ISL,INFRAINVEST,ROAD,EUR,A,2003,171021196.7
ISL,INFRAINVEST,ROAD,EUR,A,2004,142935325.7
ISL,INFRAINVEST,ROAD,EUR,A,2005,151346681.3
ISL,INFRAINVEST,ROAD,EUR,A,2006,210440490.2
ISL,INFRAINVEST,ROAD,EUR,A,2007,186583208.5
ISL,INFRAINVEST,ROAD,EUR,A,2008,244091489.2
ISL,INFRAINVEST,ROAD,EUR,A,2009,120924592
ISL,INFRAINVEST,ROAD,EUR,A,2010,79345111.46
ISL,INFRAINVEST,ROAD,EUR,A,2011,38715663.15
ISL,INFRAINVEST,ROAD,EUR,A,2012,37911481.88
ISL,INFRAINVEST,ROAD,EUR,A,2013,41829738.36
ISL,INFRAINVEST,ROAD,EUR,A,2014,45289831.68
ISL,INFRAINVEST,ROAD,EUR,A,2015,67402002.65
ISL,INFRAINVEST,ROAD,EUR,A,2016,74669206.22
ISL,INFRAINVEST,ROAD,EUR,A,2017,91030934.25
ISL,INFRAINVEST,ROAD,EUR,A,2018,99867495.94
ISL,INFRAINVEST,ROAD,EUR,A,2019,91695767.7
ISL,INFRAINVEST,ROAD,EUR,A,2020,107252605.6
ISL,INFRAINVEST,ROAD,EUR,A,2021,104314547.7
IRL,INFRAINVEST,ROAD,EUR,A,1995,283000000
IRL,INFRAINVEST,ROAD,EUR,A,1996,281000000
IRL,INFRAINVEST,ROAD,EUR,A,1997,473000000
IRL,INFRAINVEST,ROAD,EUR,A,1998,547000000
IRL,INFRAINVEST,ROAD,EUR,A,1999,742000000
IRL,INFRAINVEST,ROAD,EUR,A,2000,893000000
IRL,INFRAINVEST,ROAD,EUR,A,2001,1228000000
IRL,INFRAINVEST,ROAD,EUR,A,2002,1430000000
IRL,INFRAINVEST,ROAD,EUR,A,2003,1516000000
IRL,INFRAINVEST,ROAD,EUR,A,2004,1562000000
IRL,INFRAINVEST,ROAD,EUR,A,2005,1662000000
IRL,INFRAINVEST,ROAD,EUR,A,2006,2019000000
IRL,INFRAINVEST,ROAD,EUR,A,2007,2191000000
IRL,INFRAINVEST,ROAD,EUR,A,2008,2069000000
IRL,INFRAINVEST,ROAD,EUR,A,2009,1769000000
IRL,INFRAINVEST,ROAD,EUR,A,2010,1414000000
IRL,INFRAINVEST,ROAD,EUR,A,2011,1017000000
IRL,INFRAINVEST,ROAD,EUR,A,2012,886000000
IRL,INFRAINVEST,ROAD,EUR,A,2013,594000000
IRL,INFRAINVEST,ROAD,EUR,A,2014,638000000
IRL,INFRAINVEST,ROAD,EUR,A,2015,612000000
IRL,INFRAINVEST,ROAD,EUR,A,2016,622000000
IRL,INFRAINVEST,ROAD,EUR,A,2017,547000000
IRL,INFRAINVEST,ROAD,EUR,A,2018,693000000
IRL,INFRAINVEST,ROAD,EUR,A,2019,837000000
ITA,INFRAINVEST,ROAD,EUR,A,1995,4980000000
ITA,INFRAINVEST,ROAD,EUR,A,1996,5052000000
ITA,INFRAINVEST,ROAD,EUR,A,1997,5144000000
ITA,INFRAINVEST,ROAD,EUR,A,1998,6258000000
ITA,INFRAINVEST,ROAD,EUR,A,1999,6365000000
ITA,INFRAINVEST,ROAD,EUR,A,2000,6930000000
ITA,INFRAINVEST,ROAD,EUR,A,2001,4582000000
ITA,INFRAINVEST,ROAD,EUR,A,2002,5071000000
ITA,INFRAINVEST,ROAD,EUR,A,2003,6874000000
ITA,INFRAINVEST,ROAD,EUR,A,2004,7572000000
ITA,INFRAINVEST,ROAD,EUR,A,2005,9169000000
ITA,INFRAINVEST,ROAD,EUR,A,2006,14280000000
ITA,INFRAINVEST,ROAD,EUR,A,2007,13664000000
ITA,INFRAINVEST,ROAD,EUR,A,2008,13051000000
ITA,INFRAINVEST,ROAD,EUR,A,2009,5641000000
ITA,INFRAINVEST,ROAD,EUR,A,2010,3389000000
ITA,INFRAINVEST,ROAD,EUR,A,2011,4129000000
ITA,INFRAINVEST,ROAD,EUR,A,2012,3107000000
ITA,INFRAINVEST,ROAD,EUR,A,2013,2841000000
ITA,INFRAINVEST,ROAD,EUR,A,2014,3860000000
ITA,INFRAINVEST,ROAD,EUR,A,2015,5151000000
ITA,INFRAINVEST,ROAD,EUR,A,2016,3755000000
ITA,INFRAINVEST,ROAD,EUR,A,2017,3409000000
ITA,INFRAINVEST,ROAD,EUR,A,2018,6555000000
ITA,INFRAINVEST,ROAD,EUR,A,2019,4310000000
ITA,INFRAINVEST,ROAD,EUR,A,2020,4393000000
JPN,INFRAINVEST,ROAD,EUR,A,1995,71565750817
JPN,INFRAINVEST,ROAD,EUR,A,1996,62594079548
JPN,INFRAINVEST,ROAD,EUR,A,1997,60879066030
JPN,INFRAINVEST,ROAD,EUR,A,1998,60361391127
JPN,INFRAINVEST,ROAD,EUR,A,1999,69794503671
JPN,INFRAINVEST,ROAD,EUR,A,2000,79312039934
JPN,INFRAINVEST,ROAD,EUR,A,2001,67569403219
JPN,INFRAINVEST,ROAD,EUR,A,2002,59914977217
JPN,INFRAINVEST,ROAD,EUR,A,2003,49863540972
JPN,INFRAINVEST,ROAD,EUR,A,2004,43272246849
JPN,INFRAINVEST,ROAD,EUR,A,2005,40059037917
JPN,INFRAINVEST,ROAD,EUR,A,2006,36602006737
JPN,INFRAINVEST,ROAD,EUR,A,2007,31561476386
JPN,INFRAINVEST,ROAD,EUR,A,2008,31870349621
JPN,INFRAINVEST,ROAD,EUR,A,2009,37206998936
JPN,INFRAINVEST,ROAD,EUR,A,2010,35766258465
JPN,INFRAINVEST,ROAD,EUR,A,2011,35812517049
JPN,INFRAINVEST,ROAD,EUR,A,2012,37300772096
JPN,INFRAINVEST,ROAD,EUR,A,2013,33129221998
JPN,INFRAINVEST,ROAD,EUR,A,2014,29639781729
JPN,INFRAINVEST,ROAD,EUR,A,2015,28143419695
JPN,INFRAINVEST,ROAD,EUR,A,2016,32575953058
JPN,INFRAINVEST,ROAD,EUR,A,2017,31577903148
JPN,INFRAINVEST,ROAD,EUR,A,2018,30027258171
JPN,INFRAINVEST,ROAD,EUR,A,2019,32829904574
KOR,INFRAINVEST,ROAD,EUR,A,2001,7162739887
KOR,INFRAINVEST,ROAD,EUR,A,2002,6864863198
KOR,INFRAINVEST,ROAD,EUR,A,2003,6704578510
KOR,INFRAINVEST,ROAD,EUR,A,2004,5662792671
KOR,INFRAINVEST,ROAD,EUR,A,2005,6018100712
KOR,INFRAINVEST,ROAD,EUR,A,2006,6118036060
KOR,INFRAINVEST,ROAD,EUR,A,2007,5918547553
KOR,INFRAINVEST,ROAD,EUR,A,2008,10927048334
KOR,INFRAINVEST,ROAD,EUR,A,2009,12185674712
KOR,INFRAINVEST,ROAD,EUR,A,2010,10787682604
KOR,INFRAINVEST,ROAD,EUR,A,2011,9244070290
KOR,INFRAINVEST,ROAD,EUR,A,2012,10777465699
KOR,INFRAINVEST,ROAD,EUR,A,2013,11335842791
KOR,INFRAINVEST,ROAD,EUR,A,2014,10905832226
KOR,INFRAINVEST,ROAD,EUR,A,2015,13176630670
KOR,INFRAINVEST,ROAD,EUR,A,2016,12571279346
KOR,INFRAINVEST,ROAD,EUR,A,2017,13022712336
KOR,INFRAINVEST,ROAD,EUR,A,2018,12123858621
KOR,INFRAINVEST,ROAD,EUR,A,2019,13205445721
LUX,INFRAINVEST,ROAD,EUR,A,1995,113741290.8
LUX,INFRAINVEST,ROAD,EUR,A,1996,107367648.4
LUX,INFRAINVEST,ROAD,EUR,A,1997,101302475.4
LUX,INFRAINVEST,ROAD,EUR,A,1998,112559210.7
LUX,INFRAINVEST,ROAD,EUR,A,1999,145516901.8
LUX,INFRAINVEST,ROAD,EUR,A,2000,166020801.2
LUX,INFRAINVEST,ROAD,EUR,A,2001,185872400.7
LUX,INFRAINVEST,ROAD,EUR,A,2002,212893775.4
LUX,INFRAINVEST,ROAD,EUR,A,2003,188405582
LUX,INFRAINVEST,ROAD,EUR,A,2004,135202789.9
LUX,INFRAINVEST,ROAD,EUR,A,2005,127657001.7
LUX,INFRAINVEST,ROAD,EUR,A,2006,175887339.7
LUX,INFRAINVEST,ROAD,EUR,A,2007,157402016.9
LUX,INFRAINVEST,ROAD,EUR,A,2008,137772604.6
LUX,INFRAINVEST,ROAD,EUR,A,2009,148466156.5
LUX,INFRAINVEST,ROAD,EUR,A,2010,182571021.3
LUX,INFRAINVEST,ROAD,EUR,A,2011,221976449.3
LUX,INFRAINVEST,ROAD,EUR,A,2012,213399365
LUX,INFRAINVEST,ROAD,EUR,A,2013,219297195.6
LUX,INFRAINVEST,ROAD,EUR,A,2014,213745153.8
LUX,INFRAINVEST,ROAD,EUR,A,2015,226217136.5
LUX,INFRAINVEST,ROAD,EUR,A,2016,213537152.4
LUX,INFRAINVEST,ROAD,EUR,A,2017,225577736
LUX,INFRAINVEST,ROAD,EUR,A,2018,188596003.5
LUX,INFRAINVEST,ROAD,EUR,A,2019,260016912.7
LUX,INFRAINVEST,ROAD,EUR,A,2020,246225524.7
MEX,INFRAINVEST,ROAD,EUR,A,1995,660505728
MEX,INFRAINVEST,ROAD,EUR,A,1996,685623997.2
MEX,INFRAINVEST,ROAD,EUR,A,1997,1264980123
MEX,INFRAINVEST,ROAD,EUR,A,1998,824730443.2
MEX,INFRAINVEST,ROAD,EUR,A,1999,1088010270
MEX,INFRAINVEST,ROAD,EUR,A,2000,1308028697
MEX,INFRAINVEST,ROAD,EUR,A,2001,1171571102
MEX,INFRAINVEST,ROAD,EUR,A,2002,1463651937
MEX,INFRAINVEST,ROAD,EUR,A,2003,1708930558
MEX,INFRAINVEST,ROAD,EUR,A,2004,2017217511
MEX,INFRAINVEST,ROAD,EUR,A,2005,2857313305
MEX,INFRAINVEST,ROAD,EUR,A,2006,2549586522
MEX,INFRAINVEST,ROAD,EUR,A,2007,2164680126
MEX,INFRAINVEST,ROAD,EUR,A,2008,2550704320
MEX,INFRAINVEST,ROAD,EUR,A,2009,3021079242
MEX,INFRAINVEST,ROAD,EUR,A,2010,3937749944
MEX,INFRAINVEST,ROAD,EUR,A,2011,3916762920
MEX,INFRAINVEST,ROAD,EUR,A,2012,3985257091
MEX,INFRAINVEST,ROAD,EUR,A,2013,4180020576
MEX,INFRAINVEST,ROAD,EUR,A,2014,4883321834
MEX,INFRAINVEST,ROAD,EUR,A,2015,4296270671
MEX,INFRAINVEST,ROAD,EUR,A,2016,3383341765
MEX,INFRAINVEST,ROAD,EUR,A,2017,2161424639
MEX,INFRAINVEST,ROAD,EUR,A,2018,2304810286
MEX,INFRAINVEST,ROAD,EUR,A,2019,2277117181
MEX,INFRAINVEST,ROAD,EUR,A,2020,1532723631
MEX,INFRAINVEST,ROAD,EUR,A,2021,1630623065
NLD,INFRAINVEST,ROAD,EUR,A,1997,1122000000
NLD,INFRAINVEST,ROAD,EUR,A,1998,1350000000
NLD,INFRAINVEST,ROAD,EUR,A,1999,1500000000
NLD,INFRAINVEST,ROAD,EUR,A,2000,1727000000
NLD,INFRAINVEST,ROAD,EUR,A,2001,1847000000
NLD,INFRAINVEST,ROAD,EUR,A,2002,2279000000
NLD,INFRAINVEST,ROAD,EUR,A,2003,2328000000
NLD,INFRAINVEST,ROAD,EUR,A,2004,2334000000
NLD,INFRAINVEST,ROAD,EUR,A,2005,1636000000
NLD,INFRAINVEST,ROAD,EUR,A,2006,1654000000
NLD,INFRAINVEST,ROAD,EUR,A,2007,1680000000
NLD,INFRAINVEST,ROAD,EUR,A,2008,2194000000
NLD,INFRAINVEST,ROAD,EUR,A,2009,2363000000
NLD,INFRAINVEST,ROAD,EUR,A,2010,2300000000
NLD,INFRAINVEST,ROAD,EUR,A,2011,2287000000
NZL,INFRAINVEST,ROAD,EUR,A,1998,176544206.5
NZL,INFRAINVEST,ROAD,EUR,A,1999,184687870.1
NZL,INFRAINVEST,ROAD,EUR,A,2000,209795376.4
NZL,INFRAINVEST,ROAD,EUR,A,2001,172060691.7
NZL,INFRAINVEST,ROAD,EUR,A,2002,180676178.9
NZL,INFRAINVEST,ROAD,EUR,A,2003,198218535.3
NZL,INFRAINVEST,ROAD,EUR,A,2004,266970998.6
NZL,INFRAINVEST,ROAD,EUR,A,2005,345287393.3
NZL,INFRAINVEST,ROAD,EUR,A,2006,392897849.3
NZL,INFRAINVEST,ROAD,EUR,A,2007,483214982.6
NZL,INFRAINVEST,ROAD,EUR,A,2008,503310076.5
NZL,INFRAINVEST,ROAD,EUR,A,2009,553842627.2
NZL,INFRAINVEST,ROAD,EUR,A,2010,765857842.8
NZL,INFRAINVEST,ROAD,EUR,A,2011,918972369
NZL,INFRAINVEST,ROAD,EUR,A,2012,654512925.4
NZL,INFRAINVEST,ROAD,EUR,A,2013,799041856.7
NZL,INFRAINVEST,ROAD,EUR,A,2014,911765384.4
NZL,INFRAINVEST,ROAD,EUR,A,2015,1034296127
NZL,INFRAINVEST,ROAD,EUR,A,2016,1005213679
NZL,INFRAINVEST,ROAD,EUR,A,2017,943127166.2
NZL,INFRAINVEST,ROAD,EUR,A,2018,1057955558
NZL,INFRAINVEST,ROAD,EUR,A,2019,1041148618
NZL,INFRAINVEST,ROAD,EUR,A,2020,1376584295
NZL,INFRAINVEST,ROAD,EUR,A,2021,1012534980
NOR,INFRAINVEST,ROAD,EUR,A,1995,826273743.2
NOR,INFRAINVEST,ROAD,EUR,A,1996,782079281.6
NOR,INFRAINVEST,ROAD,EUR,A,1997,868486042.9
NOR,INFRAINVEST,ROAD,EUR,A,1998,949335666
NOR,INFRAINVEST,ROAD,EUR,A,1999,1001503398
NOR,INFRAINVEST,ROAD,EUR,A,2000,908709959.7
NOR,INFRAINVEST,ROAD,EUR,A,2001,1018896992
NOR,INFRAINVEST,ROAD,EUR,A,2002,1163899282
NOR,INFRAINVEST,ROAD,EUR,A,2003,1073567098
NOR,INFRAINVEST,ROAD,EUR,A,2004,1138451248
NOR,INFRAINVEST,ROAD,EUR,A,2005,1461268704
NOR,INFRAINVEST,ROAD,EUR,A,2006,1474839367
NOR,INFRAINVEST,ROAD,EUR,A,2007,1734532257
NOR,INFRAINVEST,ROAD,EUR,A,2008,2136830075
NOR,INFRAINVEST,ROAD,EUR,A,2009,2488314545
NOR,INFRAINVEST,ROAD,EUR,A,2010,2673994504
NOR,INFRAINVEST,ROAD,EUR,A,2011,2811645901
NOR,INFRAINVEST,ROAD,EUR,A,2012,3301050097
NOR,INFRAINVEST,ROAD,EUR,A,2013,3844281303
NOR,INFRAINVEST,ROAD,EUR,A,2014,3804023890
NOR,INFRAINVEST,ROAD,EUR,A,2015,3559166601
NOR,INFRAINVEST,ROAD,EUR,A,2016,3383300871
NOR,INFRAINVEST,ROAD,EUR,A,2017,3717706837
NOR,INFRAINVEST,ROAD,EUR,A,2018,4060996188
NOR,INFRAINVEST,ROAD,EUR,A,2019,4051595480
NOR,INFRAINVEST,ROAD,EUR,A,2020,3272508578
POL,INFRAINVEST,ROAD,EUR,A,1995,638224072.1
POL,INFRAINVEST,ROAD,EUR,A,1996,180319724.1
POL,INFRAINVEST,ROAD,EUR,A,1997,227266607.4
POL,INFRAINVEST,ROAD,EUR,A,1998,299220646.5
POL,INFRAINVEST,ROAD,EUR,A,1999,296678338.2
POL,INFRAINVEST,ROAD,EUR,A,2000,1019511952
POL,INFRAINVEST,ROAD,EUR,A,2001,1093924457
POL,INFRAINVEST,ROAD,EUR,A,2002,1035941352
POL,INFRAINVEST,ROAD,EUR,A,2003,1010617739
POL,INFRAINVEST,ROAD,EUR,A,2004,1235382375
POL,INFRAINVEST,ROAD,EUR,A,2005,1874906777
POL,INFRAINVEST,ROAD,EUR,A,2006,2605324639
POL,INFRAINVEST,ROAD,EUR,A,2007,3444000952
POL,INFRAINVEST,ROAD,EUR,A,2008,4504566015
POL,INFRAINVEST,ROAD,EUR,A,2009,5337659938
POL,INFRAINVEST,ROAD,EUR,A,2010,6509637046
POL,INFRAINVEST,ROAD,EUR,A,2011,8323257338
POL,INFRAINVEST,ROAD,EUR,A,2012,4382811940
POL,INFRAINVEST,ROAD,EUR,A,2013,2464797122
POL,INFRAINVEST,ROAD,EUR,A,2014,1721113634
POL,INFRAINVEST,ROAD,EUR,A,2015,2170794683
POL,INFRAINVEST,ROAD,EUR,A,2016,3075442295
POL,INFRAINVEST,ROAD,EUR,A,2017,3209595188
POL,INFRAINVEST,ROAD,EUR,A,2018,2668638220
POL,INFRAINVEST,ROAD,EUR,A,2019,2415357766
POL,INFRAINVEST,ROAD,EUR,A,2020,3207598127
POL,INFRAINVEST,ROAD,EUR,A,2021,3169807187
PRT,INFRAINVEST,ROAD,EUR,A,1995,737000000
PRT,INFRAINVEST,ROAD,EUR,A,1996,748000000
PRT,INFRAINVEST,ROAD,EUR,A,1997,970000000
PRT,INFRAINVEST,ROAD,EUR,A,1998,905000000
PRT,INFRAINVEST,ROAD,EUR,A,1999,552000000
PRT,INFRAINVEST,ROAD,EUR,A,2000,961000000
PRT,INFRAINVEST,ROAD,EUR,A,2001,1685000000
PRT,INFRAINVEST,ROAD,EUR,A,2002,1620000000
PRT,INFRAINVEST,ROAD,EUR,A,2003,1537000000
PRT,INFRAINVEST,ROAD,EUR,A,2004,1933000000
PRT,INFRAINVEST,ROAD,EUR,A,2005,2112000000
PRT,INFRAINVEST,ROAD,EUR,A,2006,1940000000
PRT,INFRAINVEST,ROAD,EUR,A,2007,1453000000
PRT,INFRAINVEST,ROAD,EUR,A,2008,1366000000
PRT,INFRAINVEST,ROAD,EUR,A,2009,951000000
PRT,INFRAINVEST,ROAD,EUR,A,2010,1511000000
PRT,INFRAINVEST,ROAD,EUR,A,2012,274000000
PRT,INFRAINVEST,ROAD,EUR,A,2013,211000000
SVK,INFRAINVEST,ROAD,EUR,A,1995,53000000
SVK,INFRAINVEST,ROAD,EUR,A,1996,79000000
SVK,INFRAINVEST,ROAD,EUR,A,1997,315000000
SVK,INFRAINVEST,ROAD,EUR,A,1998,300000000
SVK,INFRAINVEST,ROAD,EUR,A,1999,204000000
SVK,INFRAINVEST,ROAD,EUR,A,2000,227000000
SVK,INFRAINVEST,ROAD,EUR,A,2001,201000000
SVK,INFRAINVEST,ROAD,EUR,A,2002,260000000
SVK,INFRAINVEST,ROAD,EUR,A,2003,210000000
SVK,INFRAINVEST,ROAD,EUR,A,2004,240000000
SVK,INFRAINVEST,ROAD,EUR,A,2005,360000000
SVK,INFRAINVEST,ROAD,EUR,A,2006,411000000
SVK,INFRAINVEST,ROAD,EUR,A,2007,520000000
SVK,INFRAINVEST,ROAD,EUR,A,2008,566000000
SVK,INFRAINVEST,ROAD,EUR,A,2009,662000000
SVK,INFRAINVEST,ROAD,EUR,A,2010,342000000
SVK,INFRAINVEST,ROAD,EUR,A,2011,432000000
SVK,INFRAINVEST,ROAD,EUR,A,2012,311000000
SVK,INFRAINVEST,ROAD,EUR,A,2013,360000000
SVK,INFRAINVEST,ROAD,EUR,A,2014,550000000
SVK,INFRAINVEST,ROAD,EUR,A,2015,1133782000
SVK,INFRAINVEST,ROAD,EUR,A,2016,751418000
SVK,INFRAINVEST,ROAD,EUR,A,2017,749613000
SVK,INFRAINVEST,ROAD,EUR,A,2018,768840000
SVK,INFRAINVEST,ROAD,EUR,A,2020,752200000
SVK,INFRAINVEST,ROAD,EUR,A,2021,1113000000
ESP,INFRAINVEST,ROAD,EUR,A,1995,4263000000
ESP,INFRAINVEST,ROAD,EUR,A,1996,4010000000
ESP,INFRAINVEST,ROAD,EUR,A,1997,3977000000
ESP,INFRAINVEST,ROAD,EUR,A,1998,4787000000
ESP,INFRAINVEST,ROAD,EUR,A,1999,4328000000
ESP,INFRAINVEST,ROAD,EUR,A,2000,4792000000
ESP,INFRAINVEST,ROAD,EUR,A,2001,5558000000
ESP,INFRAINVEST,ROAD,EUR,A,2002,6874000000
ESP,INFRAINVEST,ROAD,EUR,A,2003,7321000000
ESP,INFRAINVEST,ROAD,EUR,A,2004,7244000000
ESP,INFRAINVEST,ROAD,EUR,A,2005,8580000000
ESP,INFRAINVEST,ROAD,EUR,A,2006,8411000000
ESP,INFRAINVEST,ROAD,EUR,A,2007,8077000000
ESP,INFRAINVEST,ROAD,EUR,A,2008,8522000000
ESP,INFRAINVEST,ROAD,EUR,A,2009,9422000000
ESP,INFRAINVEST,ROAD,EUR,A,2010,7851000000
ESP,INFRAINVEST,ROAD,EUR,A,2011,5966000000
ESP,INFRAINVEST,ROAD,EUR,A,2012,5316000000
ESP,INFRAINVEST,ROAD,EUR,A,2013,4646000000
ESP,INFRAINVEST,ROAD,EUR,A,2014,4358000000
ESP,INFRAINVEST,ROAD,EUR,A,2015,4259000000
ESP,INFRAINVEST,ROAD,EUR,A,2016,3880000000
ESP,INFRAINVEST,ROAD,EUR,A,2017,3690000000
ESP,INFRAINVEST,ROAD,EUR,A,2018,3518000000
ESP,INFRAINVEST,ROAD,EUR,A,2019,3445000000
ESP,INFRAINVEST,ROAD,EUR,A,2020,3927291764
ESP,INFRAINVEST,ROAD,EUR,A,2021,3959000000
SWE,INFRAINVEST,ROAD,EUR,A,1995,911535618.2
SWE,INFRAINVEST,ROAD,EUR,A,1996,1013551599
SWE,INFRAINVEST,ROAD,EUR,A,1997,890100748.7
SWE,INFRAINVEST,ROAD,EUR,A,1998,1047089858
SWE,INFRAINVEST,ROAD,EUR,A,1999,926199178.2
SWE,INFRAINVEST,ROAD,EUR,A,2000,912040161.5
SWE,INFRAINVEST,ROAD,EUR,A,2001,1007379237
SWE,INFRAINVEST,ROAD,EUR,A,2002,1295665466
SWE,INFRAINVEST,ROAD,EUR,A,2003,1399105695
SWE,INFRAINVEST,ROAD,EUR,A,2004,1443068493
SWE,INFRAINVEST,ROAD,EUR,A,2005,1297938600
SWE,INFRAINVEST,ROAD,EUR,A,2006,1407281727
SWE,INFRAINVEST,ROAD,EUR,A,2007,1422704035
SWE,INFRAINVEST,ROAD,EUR,A,2008,1604051202
SWE,INFRAINVEST,ROAD,EUR,A,2009,1573673852
SWE,INFRAINVEST,ROAD,EUR,A,2010,1666090563
SWE,INFRAINVEST,ROAD,EUR,A,2011,1911693030
SWE,INFRAINVEST,ROAD,EUR,A,2012,2212089540
SWE,INFRAINVEST,ROAD,EUR,A,2013,2013062829
SWE,INFRAINVEST,ROAD,EUR,A,2014,1864811089
SWE,INFRAINVEST,ROAD,EUR,A,2015,1861457053
SWE,INFRAINVEST,ROAD,EUR,A,2016,2086339294
SWE,INFRAINVEST,ROAD,EUR,A,2017,2374415009
SWE,INFRAINVEST,ROAD,EUR,A,2018,2497001960
SWE,INFRAINVEST,ROAD,EUR,A,2019,2503424108
SWE,INFRAINVEST,ROAD,EUR,A,2020,2941619550
SWE,INFRAINVEST,ROAD,EUR,A,2021,2910555161
CHE,INFRAINVEST,ROAD,EUR,A,1995,2520219994
CHE,INFRAINVEST,ROAD,EUR,A,1996,2418696595
CHE,INFRAINVEST,ROAD,EUR,A,1997,2335948428
CHE,INFRAINVEST,ROAD,EUR,A,1998,2297638863
CHE,INFRAINVEST,ROAD,EUR,A,1999,2603099225
CHE,INFRAINVEST,ROAD,EUR,A,2000,2716184118
CHE,INFRAINVEST,ROAD,EUR,A,2001,2765492585
CHE,INFRAINVEST,ROAD,EUR,A,2002,2846919302
CHE,INFRAINVEST,ROAD,EUR,A,2003,2734924706
CHE,INFRAINVEST,ROAD,EUR,A,2004,2729097856
CHE,INFRAINVEST,ROAD,EUR,A,2005,2766259769
CHE,INFRAINVEST,ROAD,EUR,A,2006,2710571483
CHE,INFRAINVEST,ROAD,EUR,A,2007,2674255798
CHE,INFRAINVEST,ROAD,EUR,A,2008,2840400731
CHE,INFRAINVEST,ROAD,EUR,A,2009,2996887211
CHE,INFRAINVEST,ROAD,EUR,A,2010,3418463319
CHE,INFRAINVEST,ROAD,EUR,A,2011,3822528363
CHE,INFRAINVEST,ROAD,EUR,A,2012,3880361736
CHE,INFRAINVEST,ROAD,EUR,A,2013,3731416037
CHE,INFRAINVEST,ROAD,EUR,A,2014,3647291289
CHE,INFRAINVEST,ROAD,EUR,A,2015,4225708278
CHE,INFRAINVEST,ROAD,EUR,A,2016,3968196208
CHE,INFRAINVEST,ROAD,EUR,A,2017,3930182108
CHE,INFRAINVEST,ROAD,EUR,A,2018,3816554653
CHE,INFRAINVEST,ROAD,EUR,A,2019,4300737024
CHE,INFRAINVEST,ROAD,EUR,A,2020,4700409536
TUR,INFRAINVEST,ROAD,EUR,A,1995,684474123.5
TUR,INFRAINVEST,ROAD,EUR,A,1996,939922480.6
TUR,INFRAINVEST,ROAD,EUR,A,1997,1218658892
TUR,INFRAINVEST,ROAD,EUR,A,1998,1020477816
TUR,INFRAINVEST,ROAD,EUR,A,1999,851063829.8
TUR,INFRAINVEST,ROAD,EUR,A,2000,1001913376
TUR,INFRAINVEST,ROAD,EUR,A,2001,1399274047
TUR,INFRAINVEST,ROAD,EUR,A,2002,976187160.6
TUR,INFRAINVEST,ROAD,EUR,A,2003,998255377.5
TUR,INFRAINVEST,ROAD,EUR,A,2004,1278469470
TUR,INFRAINVEST,ROAD,EUR,A,2005,1818020247
TUR,INFRAINVEST,ROAD,EUR,A,2006,2297408346
TUR,INFRAINVEST,ROAD,EUR,A,2007,2239430452
TUR,INFRAINVEST,ROAD,EUR,A,2008,3350441547
TUR,INFRAINVEST,ROAD,EUR,A,2009,3454969551
TUR,INFRAINVEST,ROAD,EUR,A,2010,5135422857
TUR,INFRAINVEST,ROAD,EUR,A,2011,5204576502
TUR,INFRAINVEST,ROAD,EUR,A,2012,4801857853
TUR,INFRAINVEST,ROAD,EUR,A,2013,6225142934
TUR,INFRAINVEST,ROAD,EUR,A,2014,6648703064
TUR,INFRAINVEST,ROAD,EUR,A,2015,9060228811
TUR,INFRAINVEST,ROAD,EUR,A,2016,7332509580
TUR,INFRAINVEST,ROAD,EUR,A,2017,6143168737
TUR,INFRAINVEST,ROAD,EUR,A,2018,8705095192
TUR,INFRAINVEST,ROAD,EUR,A,2019,6289881407
TUR,INFRAINVEST,ROAD,EUR,A,2020,5442186767
TUR,INFRAINVEST,ROAD,EUR,A,2021,4247201532
GBR,INFRAINVEST,ROAD,EUR,A,1995,5223160434
GBR,INFRAINVEST,ROAD,EUR,A,1996,4864200565
GBR,INFRAINVEST,ROAD,EUR,A,1997,5079410915
GBR,INFRAINVEST,ROAD,EUR,A,1998,4784087548
GBR,INFRAINVEST,ROAD,EUR,A,1999,4754247573
GBR,INFRAINVEST,ROAD,EUR,A,2000,5563576702
GBR,INFRAINVEST,ROAD,EUR,A,2001,5930213861
GBR,INFRAINVEST,ROAD,EUR,A,2002,6246819338
GBR,INFRAINVEST,ROAD,EUR,A,2003,5195837549
GBR,INFRAINVEST,ROAD,EUR,A,2004,4949896846
GBR,INFRAINVEST,ROAD,EUR,A,2005,5630940196
GBR,INFRAINVEST,ROAD,EUR,A,2006,6340569082
GBR,INFRAINVEST,ROAD,EUR,A,2007,6199078294
GBR,INFRAINVEST,ROAD,EUR,A,2008,6036456999
GBR,INFRAINVEST,ROAD,EUR,A,2009,6566620651
GBR,INFRAINVEST,ROAD,EUR,A,2010,6482927057
GBR,INFRAINVEST,ROAD,EUR,A,2011,5564989629
GBR,INFRAINVEST,ROAD,EUR,A,2012,5557509555
GBR,INFRAINVEST,ROAD,EUR,A,2013,6029949364
GBR,INFRAINVEST,ROAD,EUR,A,2014,7845556796
GBR,INFRAINVEST,ROAD,EUR,A,2015,9067911846
GBR,INFRAINVEST,ROAD,EUR,A,2016,8561410429
GBR,INFRAINVEST,ROAD,EUR,A,2017,9082089706
GBR,INFRAINVEST,ROAD,EUR,A,2018,8673206374
GBR,INFRAINVEST,ROAD,EUR,A,2019,9642561268
USA,INFRAINVEST,ROAD,EUR,A,1995,29656806543
USA,INFRAINVEST,ROAD,EUR,A,1996,31981094919
USA,INFRAINVEST,ROAD,EUR,A,1997,37908842458
USA,INFRAINVEST,ROAD,EUR,A,1998,41142347166
USA,INFRAINVEST,ROAD,EUR,A,1999,46962879640
USA,INFRAINVEST,ROAD,EUR,A,2000,58549783550
USA,INFRAINVEST,ROAD,EUR,A,2001,65430995980
USA,INFRAINVEST,ROAD,EUR,A,2002,63816276855
USA,INFRAINVEST,ROAD,EUR,A,2003,52524537979
USA,INFRAINVEST,ROAD,EUR,A,2004,50189013110
USA,INFRAINVEST,ROAD,EUR,A,2005,54707583548
USA,INFRAINVEST,ROAD,EUR,A,2006,59090547105
USA,INFRAINVEST,ROAD,EUR,A,2007,57201225741
USA,INFRAINVEST,ROAD,EUR,A,2008,54331565347
USA,INFRAINVEST,ROAD,EUR,A,2009,59068398766
USA,INFRAINVEST,ROAD,EUR,A,2010,62104311125
USA,INFRAINVEST,ROAD,EUR,A,2011,59423726378
USA,INFRAINVEST,ROAD,EUR,A,2012,64639079029
USA,INFRAINVEST,ROAD,EUR,A,2013,61285950911
USA,INFRAINVEST,ROAD,EUR,A,2014,62763395545
USA,INFRAINVEST,ROAD,EUR,A,2015,80299206921
USA,INFRAINVEST,ROAD,EUR,A,2016,83950840412
USA,INFRAINVEST,ROAD,EUR,A,2017,85539714868
USA,INFRAINVEST,ROAD,EUR,A,2018,86584849767
USA,INFRAINVEST,ROAD,EUR,A,2019,96195069668
USA,INFRAINVEST,ROAD,EUR,A,2020,93139402436
USA,INFRAINVEST,ROAD,EUR,A,2021,91761723701
ALB,INFRAINVEST,ROAD,EUR,A,1996,15428479.65
ALB,INFRAINVEST,ROAD,EUR,A,1997,13599960.6
ALB,INFRAINVEST,ROAD,EUR,A,1998,27745479.57
ALB,INFRAINVEST,ROAD,EUR,A,1999,72660908.05
ALB,INFRAINVEST,ROAD,EUR,A,2000,108347272.4
ALB,INFRAINVEST,ROAD,EUR,A,2001,107567894.5
ALB,INFRAINVEST,ROAD,EUR,A,2002,64458009.34
ALB,INFRAINVEST,ROAD,EUR,A,2003,60782802.2
ALB,INFRAINVEST,ROAD,EUR,A,2004,91078261.99
ALB,INFRAINVEST,ROAD,EUR,A,2005,68193896.45
ALB,INFRAINVEST,ROAD,EUR,A,2006,175223508.1
ALB,INFRAINVEST,ROAD,EUR,A,2007,253261449.4
ALB,INFRAINVEST,ROAD,EUR,A,2008,499989410.5
ALB,INFRAINVEST,ROAD,EUR,A,2009,486769531.6
ALB,INFRAINVEST,ROAD,EUR,A,2010,241919259
ALB,INFRAINVEST,ROAD,EUR,A,2011,210147158.6
ALB,INFRAINVEST,ROAD,EUR,A,2012,180820940.4
ALB,INFRAINVEST,ROAD,EUR,A,2013,234163844.1
ALB,INFRAINVEST,ROAD,EUR,A,2014,192718552.7
ALB,INFRAINVEST,ROAD,EUR,A,2015,179236200.8
ALB,INFRAINVEST,ROAD,EUR,A,2016,89140343.98
ALB,INFRAINVEST,ROAD,EUR,A,2017,159032879.8
ALB,INFRAINVEST,ROAD,EUR,A,2018,169252490.4
ALB,INFRAINVEST,ROAD,EUR,A,2019,175879111
ALB,INFRAINVEST,ROAD,EUR,A,2020,223292016.8
ALB,INFRAINVEST,ROAD,EUR,A,2021,265726260.5
AZE,INFRAINVEST,ROAD,EUR,A,1999,1138822.458
AZE,INFRAINVEST,ROAD,EUR,A,2000,30255355.2
AZE,INFRAINVEST,ROAD,EUR,A,2001,47961630.7
AZE,INFRAINVEST,ROAD,EUR,A,2002,46789989.12
AZE,INFRAINVEST,ROAD,EUR,A,2003,34212658.68
AZE,INFRAINVEST,ROAD,EUR,A,2004,48289409.07
AZE,INFRAINVEST,ROAD,EUR,A,2005,82349944.82
AZE,INFRAINVEST,ROAD,EUR,A,2006,260388799.7
AZE,INFRAINVEST,ROAD,EUR,A,2007,374213301.6
AZE,INFRAINVEST,ROAD,EUR,A,2008,1328480437
AZE,INFRAINVEST,ROAD,EUR,A,2009,1271655653
AZE,INFRAINVEST,ROAD,EUR,A,2010,1545685041
AZE,INFRAINVEST,ROAD,EUR,A,2011,1561419472
AZE,INFRAINVEST,ROAD,EUR,A,2012,1479179001
AZE,INFRAINVEST,ROAD,EUR,A,2013,1913627639
AZE,INFRAINVEST,ROAD,EUR,A,2014,1411301928
AZE,INFRAINVEST,ROAD,EUR,A,2015,873204687.6
AZE,INFRAINVEST,ROAD,EUR,A,2016,498158118.4
AZE,INFRAINVEST,ROAD,EUR,A,2017,557071513.2
AZE,INFRAINVEST,ROAD,EUR,A,2018,695011450.8
AZE,INFRAINVEST,ROAD,EUR,A,2019,844323017.9
AZE,INFRAINVEST,ROAD,EUR,A,2020,757138439.3
AZE,INFRAINVEST,ROAD,EUR,A,2021,1208250497
BGR,INFRAINVEST,ROAD,EUR,A,2005,272011453.1
BGR,INFRAINVEST,ROAD,EUR,A,2006,256161161.7
BGR,INFRAINVEST,ROAD,EUR,A,2007,213211984.9
BGR,INFRAINVEST,ROAD,EUR,A,2008,256161161.7
BGR,INFRAINVEST,ROAD,EUR,A,2009,130892729.3
BGR,INFRAINVEST,ROAD,EUR,A,2010,370692299.8
BGR,INFRAINVEST,ROAD,EUR,A,2011,511811023.6
BGR,INFRAINVEST,ROAD,EUR,A,2012,585949483.6
BGR,INFRAINVEST,ROAD,EUR,A,2013,505164127.2
BGR,INFRAINVEST,ROAD,EUR,A,2014,563452295.7
BGR,INFRAINVEST,ROAD,EUR,A,2015,839042846.9
BGR,INFRAINVEST,ROAD,EUR,A,2016,163104611.9
BGR,INFRAINVEST,ROAD,EUR,A,2017,115042437.9
BGR,INFRAINVEST,ROAD,EUR,A,2018,882503323.4
BGR,INFRAINVEST,ROAD,EUR,A,2019,528172614.8
BGR,INFRAINVEST,ROAD,EUR,A,2020,525104816.4
BGR,INFRAINVEST,ROAD,EUR,A,2021,151856018
HRV,INFRAINVEST,ROAD,EUR,A,1995,70802674.12
HRV,INFRAINVEST,ROAD,EUR,A,1996,135115544.1
HRV,INFRAINVEST,ROAD,EUR,A,1997,184540439.9
HRV,INFRAINVEST,ROAD,EUR,A,1998,341318962
HRV,INFRAINVEST,ROAD,EUR,A,1999,340036418.3
HRV,INFRAINVEST,ROAD,EUR,A,2000,304259104.2
HRV,INFRAINVEST,ROAD,EUR,A,2001,304674345.9
HRV,INFRAINVEST,ROAD,EUR,A,2002,615691776.4
HRV,INFRAINVEST,ROAD,EUR,A,2003,1047333448
HRV,INFRAINVEST,ROAD,EUR,A,2004,876453643.4
HRV,INFRAINVEST,ROAD,EUR,A,2005,750192512.9
HRV,INFRAINVEST,ROAD,EUR,A,2006,874960750.3
HRV,INFRAINVEST,ROAD,EUR,A,2007,1065943500
HRV,INFRAINVEST,ROAD,EUR,A,2008,1101298414
HRV,INFRAINVEST,ROAD,EUR,A,2009,909103292.3
HRV,INFRAINVEST,ROAD,EUR,A,2010,515318232.3
HRV,INFRAINVEST,ROAD,EUR,A,2011,465691546.6
HRV,INFRAINVEST,ROAD,EUR,A,2012,478640660.5
HRV,INFRAINVEST,ROAD,EUR,A,2013,424198443.1
HRV,INFRAINVEST,ROAD,EUR,A,2014,279516936.1
HRV,INFRAINVEST,ROAD,EUR,A,2015,238376674.5
HRV,INFRAINVEST,ROAD,EUR,A,2016,197358816.1
HRV,INFRAINVEST,ROAD,EUR,A,2017,196532876.1
HRV,INFRAINVEST,ROAD,EUR,A,2018,285517855
HRV,INFRAINVEST,ROAD,EUR,A,2019,354803052
HRV,INFRAINVEST,ROAD,EUR,A,2020,442003608.2
HRV,INFRAINVEST,ROAD,EUR,A,2021,536983172
EST,INFRAINVEST,ROAD,EUR,A,1995,8000000
EST,INFRAINVEST,ROAD,EUR,A,1996,12000000
EST,INFRAINVEST,ROAD,EUR,A,1997,10000000
EST,INFRAINVEST,ROAD,EUR,A,1998,17000000
EST,INFRAINVEST,ROAD,EUR,A,1999,21000000
EST,INFRAINVEST,ROAD,EUR,A,2000,22000000
EST,INFRAINVEST,ROAD,EUR,A,2001,22000000
EST,INFRAINVEST,ROAD,EUR,A,2002,47000000
EST,INFRAINVEST,ROAD,EUR,A,2003,48000000
EST,INFRAINVEST,ROAD,EUR,A,2004,56000000
EST,INFRAINVEST,ROAD,EUR,A,2005,102000000
EST,INFRAINVEST,ROAD,EUR,A,2006,130000000
EST,INFRAINVEST,ROAD,EUR,A,2007,126000000
EST,INFRAINVEST,ROAD,EUR,A,2008,142000000
EST,INFRAINVEST,ROAD,EUR,A,2009,119000000
EST,INFRAINVEST,ROAD,EUR,A,2010,137000000
EST,INFRAINVEST,ROAD,EUR,A,2011,158000000
EST,INFRAINVEST,ROAD,EUR,A,2012,198400000
EST,INFRAINVEST,ROAD,EUR,A,2013,214530000
EST,INFRAINVEST,ROAD,EUR,A,2014,147660000
EST,INFRAINVEST,ROAD,EUR,A,2015,185050000
EST,INFRAINVEST,ROAD,EUR,A,2016,148600000
EST,INFRAINVEST,ROAD,EUR,A,2017,197000000
EST,INFRAINVEST,ROAD,EUR,A,2018,219000000
EST,INFRAINVEST,ROAD,EUR,A,2019,220000000
EST,INFRAINVEST,ROAD,EUR,A,2020,244000000
EST,INFRAINVEST,ROAD,EUR,A,2021,281000000
GEO,INFRAINVEST,ROAD,EUR,A,2000,17520805.96
GEO,INFRAINVEST,ROAD,EUR,A,2001,32857527.61
GEO,INFRAINVEST,ROAD,EUR,A,2002,42436225.1
GEO,INFRAINVEST,ROAD,EUR,A,2003,41225213.34
GEO,INFRAINVEST,ROAD,EUR,A,2004,39882451.72
GEO,INFRAINVEST,ROAD,EUR,A,2005,62472308.37
GEO,INFRAINVEST,ROAD,EUR,A,2006,90843998.93
GEO,INFRAINVEST,ROAD,EUR,A,2007,122382971.3
GEO,INFRAINVEST,ROAD,EUR,A,2008,124291720
GEO,INFRAINVEST,ROAD,EUR,A,2009,218752416.5
GEO,INFRAINVEST,ROAD,EUR,A,2010,232731578.3
GEO,INFRAINVEST,ROAD,EUR,A,2011,247556748.9
GEO,INFRAINVEST,ROAD,EUR,A,2012,177423645.8
GEO,INFRAINVEST,ROAD,EUR,A,2013,236700701.5
GEO,INFRAINVEST,ROAD,EUR,A,2014,224482580.7
GEO,INFRAINVEST,ROAD,EUR,A,2015,194100469
GEO,INFRAINVEST,ROAD,EUR,A,2016,202483164.5
GEO,INFRAINVEST,ROAD,EUR,A,2017,308132147.4
GEO,INFRAINVEST,ROAD,EUR,A,2018,402560502.7
GEO,INFRAINVEST,ROAD,EUR,A,2019,442577208.4
IND,INFRAINVEST,ROAD,EUR,A,2004,1871343737
IND,INFRAINVEST,ROAD,EUR,A,2005,3258035329
IND,INFRAINVEST,ROAD,EUR,A,2006,4035429641
IND,INFRAINVEST,ROAD,EUR,A,2007,4383951160
IND,INFRAINVEST,ROAD,EUR,A,2008,4722217178
IND,INFRAINVEST,ROAD,EUR,A,2009,4807267646
IND,INFRAINVEST,ROAD,EUR,A,2010,6359755947
IND,INFRAINVEST,ROAD,EUR,A,2011,5616686524
IND,INFRAINVEST,ROAD,EUR,A,2012,6208356624
IND,INFRAINVEST,ROAD,EUR,A,2013,8475167837
IND,INFRAINVEST,ROAD,EUR,A,2014,8717764011
IND,INFRAINVEST,ROAD,EUR,A,2015,13689845439
IND,INFRAINVEST,ROAD,EUR,A,2016,12461385189
LVA,INFRAINVEST,ROAD,EUR,A,1995,3000000
LVA,INFRAINVEST,ROAD,EUR,A,1996,4000000
LVA,INFRAINVEST,ROAD,EUR,A,1997,1000000
LVA,INFRAINVEST,ROAD,EUR,A,1998,1000000
LVA,INFRAINVEST,ROAD,EUR,A,1999,5000000
LVA,INFRAINVEST,ROAD,EUR,A,2000,8000000
LVA,INFRAINVEST,ROAD,EUR,A,2001,10000000
LVA,INFRAINVEST,ROAD,EUR,A,2002,8000000
LVA,INFRAINVEST,ROAD,EUR,A,2003,46000000
LVA,INFRAINVEST,ROAD,EUR,A,2004,55000000
LVA,INFRAINVEST,ROAD,EUR,A,2005,139000000
LVA,INFRAINVEST,ROAD,EUR,A,2006,158000000
LVA,INFRAINVEST,ROAD,EUR,A,2007,231000000
LVA,INFRAINVEST,ROAD,EUR,A,2008,272000000
LVA,INFRAINVEST,ROAD,EUR,A,2009,132000000
LVA,INFRAINVEST,ROAD,EUR,A,2010,131000000
LVA,INFRAINVEST,ROAD,EUR,A,2011,222000000
LVA,INFRAINVEST,ROAD,EUR,A,2012,190000000
LVA,INFRAINVEST,ROAD,EUR,A,2013,199000000
LVA,INFRAINVEST,ROAD,EUR,A,2014,188000000
LVA,INFRAINVEST,ROAD,EUR,A,2015,203000000
LVA,INFRAINVEST,ROAD,EUR,A,2016,190000000
LVA,INFRAINVEST,ROAD,EUR,A,2017,226000000
LVA,INFRAINVEST,ROAD,EUR,A,2018,221400000
LVA,INFRAINVEST,ROAD,EUR,A,2019,223000000
LVA,INFRAINVEST,ROAD,EUR,A,2020,198000000
LVA,INFRAINVEST,ROAD,EUR,A,2021,201000000
LIE,INFRAINVEST,ROAD,EUR,A,1995,14234875.44
LIE,INFRAINVEST,ROAD,EUR,A,1996,27419971.94
LIE,INFRAINVEST,ROAD,EUR,A,1997,26150945.69
LIE,INFRAINVEST,ROAD,EUR,A,1998,26508846.56
LIE,INFRAINVEST,ROAD,EUR,A,1999,23119220.19
LIE,INFRAINVEST,ROAD,EUR,A,2000,23752969.12
LIE,INFRAINVEST,ROAD,EUR,A,2001,30455508.47
LIE,INFRAINVEST,ROAD,EUR,A,2002,30670665.21
LIE,INFRAINVEST,ROAD,EUR,A,2003,24988492.14
LIE,INFRAINVEST,ROAD,EUR,A,2004,25905057.96
LIE,INFRAINVEST,ROAD,EUR,A,2005,27126525.87
LTU,INFRAINVEST,ROAD,EUR,A,1995,15000000
LTU,INFRAINVEST,ROAD,EUR,A,1996,24000000
LTU,INFRAINVEST,ROAD,EUR,A,1997,40000000
LTU,INFRAINVEST,ROAD,EUR,A,1998,96000000
LTU,INFRAINVEST,ROAD,EUR,A,1999,130000000
LTU,INFRAINVEST,ROAD,EUR,A,2000,109000000
LTU,INFRAINVEST,ROAD,EUR,A,2001,70000000
LTU,INFRAINVEST,ROAD,EUR,A,2002,112000000
LTU,INFRAINVEST,ROAD,EUR,A,2003,142000000
LTU,INFRAINVEST,ROAD,EUR,A,2004,137000000
LTU,INFRAINVEST,ROAD,EUR,A,2005,165000000
LTU,INFRAINVEST,ROAD,EUR,A,2006,242000000
LTU,INFRAINVEST,ROAD,EUR,A,2007,312000000
LTU,INFRAINVEST,ROAD,EUR,A,2008,437000000
LTU,INFRAINVEST,ROAD,EUR,A,2009,448000000
LTU,INFRAINVEST,ROAD,EUR,A,2010,422000000
LTU,INFRAINVEST,ROAD,EUR,A,2011,343000000
LTU,INFRAINVEST,ROAD,EUR,A,2012,243000000
LTU,INFRAINVEST,ROAD,EUR,A,2013,253000000
LTU,INFRAINVEST,ROAD,EUR,A,2014,224000000
LTU,INFRAINVEST,ROAD,EUR,A,2015,258000000
LTU,INFRAINVEST,ROAD,EUR,A,2016,357000000
LTU,INFRAINVEST,ROAD,EUR,A,2017,345000000
LTU,INFRAINVEST,ROAD,EUR,A,2018,325000000
LTU,INFRAINVEST,ROAD,EUR,A,2019,352000000
LTU,INFRAINVEST,ROAD,EUR,A,2020,466000000
LTU,INFRAINVEST,ROAD,EUR,A,2021,434000000
MKD,INFRAINVEST,ROAD,EUR,A,1995,254446559.9
MKD,INFRAINVEST,ROAD,EUR,A,1996,214345769.1
MKD,INFRAINVEST,ROAD,EUR,A,1997,95674099.08
MKD,INFRAINVEST,ROAD,EUR,A,1998,125700565.7
MKD,INFRAINVEST,ROAD,EUR,A,1999,68663414.6
MKD,INFRAINVEST,ROAD,EUR,A,2000,68304833.26
MKD,INFRAINVEST,ROAD,EUR,A,2001,61271338.09
MKD,INFRAINVEST,ROAD,EUR,A,2002,71946452.91
MKD,INFRAINVEST,ROAD,EUR,A,2003,107129941.1
MKD,INFRAINVEST,ROAD,EUR,A,2004,59825706.16
MKD,INFRAINVEST,ROAD,EUR,A,2005,65103417.22
MKD,INFRAINVEST,ROAD,EUR,A,2006,59881594.84
MKD,INFRAINVEST,ROAD,EUR,A,2007,75980119.15
MKD,INFRAINVEST,ROAD,EUR,A,2008,90922389.87
MKD,INFRAINVEST,ROAD,EUR,A,2009,103836054.6
MKD,INFRAINVEST,ROAD,EUR,A,2010,83588705.59
MKD,INFRAINVEST,ROAD,EUR,A,2011,103886505
MKD,INFRAINVEST,ROAD,EUR,A,2012,70486162.05
MKD,INFRAINVEST,ROAD,EUR,A,2013,87527007.78
MKD,INFRAINVEST,ROAD,EUR,A,2014,174274591.6
MKD,INFRAINVEST,ROAD,EUR,A,2015,166327103
MKD,INFRAINVEST,ROAD,EUR,A,2016,228634923.2
MKD,INFRAINVEST,ROAD,EUR,A,2017,195062695.8
MKD,INFRAINVEST,ROAD,EUR,A,2018,148267408.4
MKD,INFRAINVEST,ROAD,EUR,A,2019,232269604.9
MKD,INFRAINVEST,ROAD,EUR,A,2020,164719470.8
MKD,INFRAINVEST,ROAD,EUR,A,2021,191633001.7
MLT,INFRAINVEST,ROAD,EUR,A,1995,148128.8572
MLT,INFRAINVEST,ROAD,EUR,A,1996,4550862.464
MLT,INFRAINVEST,ROAD,EUR,A,1997,485309.6594
MLT,INFRAINVEST,ROAD,EUR,A,1998,1421059.716
MLT,INFRAINVEST,ROAD,EUR,A,1999,5350175.474
MLT,INFRAINVEST,ROAD,EUR,A,2000,5690477.522
MLT,INFRAINVEST,ROAD,EUR,A,2001,4401961.332
MLT,INFRAINVEST,ROAD,EUR,A,2002,9894942.93
MLT,INFRAINVEST,ROAD,EUR,A,2003,8030705.8
MLT,INFRAINVEST,ROAD,EUR,A,2004,13928687.58
MLT,INFRAINVEST,ROAD,EUR,A,2005,35791797
MLT,INFRAINVEST,ROAD,EUR,A,2006,26546945.61
MLT,INFRAINVEST,ROAD,EUR,A,2007,25885221.83
MLT,INFRAINVEST,ROAD,EUR,A,2008,16097173.42
MLT,INFRAINVEST,ROAD,EUR,A,2009,3701352.28
MLT,INFRAINVEST,ROAD,EUR,A,2010,12583742.48
MLT,INFRAINVEST,ROAD,EUR,A,2011,17340553.11
MLT,INFRAINVEST,ROAD,EUR,A,2012,26747405.42
MLT,INFRAINVEST,ROAD,EUR,A,2013,11066059.39
MLT,INFRAINVEST,ROAD,EUR,A,2014,38522824.59
MDA,INFRAINVEST,ROAD,EUR,A,1996,10436270.32
MDA,INFRAINVEST,ROAD,EUR,A,1997,13726574.27
MDA,INFRAINVEST,ROAD,EUR,A,1998,7602928.78
MDA,INFRAINVEST,ROAD,EUR,A,1999,2505256.565
MDA,INFRAINVEST,ROAD,EUR,A,2000,1914491.833
MDA,INFRAINVEST,ROAD,EUR,A,2001,1041630.499
MDA,INFRAINVEST,ROAD,EUR,A,2002,2259587.664
MDA,INFRAINVEST,ROAD,EUR,A,2003,1777089.508
MDA,INFRAINVEST,ROAD,EUR,A,2004,3976791.186
MDA,INFRAINVEST,ROAD,EUR,A,2005,2423283.932
MDA,INFRAINVEST,ROAD,EUR,A,2006,6488072.86
MDA,INFRAINVEST,ROAD,EUR,A,2007,27691659.39
MDA,INFRAINVEST,ROAD,EUR,A,2008,25982015.47
MDA,INFRAINVEST,ROAD,EUR,A,2009,13423338.54
MDA,INFRAINVEST,ROAD,EUR,A,2010,13778639.45
MDA,INFRAINVEST,ROAD,EUR,A,2011,8144170.183
MDA,INFRAINVEST,ROAD,EUR,A,2012,40216113.43
MDA,INFRAINVEST,ROAD,EUR,A,2013,36179666.43
MDA,INFRAINVEST,ROAD,EUR,A,2014,38885218.78
MDA,INFRAINVEST,ROAD,EUR,A,2015,51077368.32
MDA,INFRAINVEST,ROAD,EUR,A,2016,36290066.5
MDA,INFRAINVEST,ROAD,EUR,A,2017,31283586.67
MDA,INFRAINVEST,ROAD,EUR,A,2018,33658497.26
MDA,INFRAINVEST,ROAD,EUR,A,2019,57360259.02
MDA,INFRAINVEST,ROAD,EUR,A,2020,82565556.34
ROU,INFRAINVEST,ROAD,EUR,A,1995,352112676.1
ROU,INFRAINVEST,ROAD,EUR,A,1996,389545111.8
ROU,INFRAINVEST,ROAD,EUR,A,1997,457411299.3
ROU,INFRAINVEST,ROAD,EUR,A,1998,490265308.2
ROU,INFRAINVEST,ROAD,EUR,A,1999,443271119.8
ROU,INFRAINVEST,ROAD,EUR,A,2000,630549285.2
ROU,INFRAINVEST,ROAD,EUR,A,2001,735486351.4
ROU,INFRAINVEST,ROAD,EUR,A,2002,634280594
ROU,INFRAINVEST,ROAD,EUR,A,2003,707380083.6
ROU,INFRAINVEST,ROAD,EUR,A,2004,1094879704
ROU,INFRAINVEST,ROAD,EUR,A,2005,1330885601
ROU,INFRAINVEST,ROAD,EUR,A,2006,1950686642
ROU,INFRAINVEST,ROAD,EUR,A,2007,2803858714
ROU,INFRAINVEST,ROAD,EUR,A,2008,3889793702
ROU,INFRAINVEST,ROAD,EUR,A,2009,3105245778
ROU,INFRAINVEST,ROAD,EUR,A,2010,2851137605
ROU,INFRAINVEST,ROAD,EUR,A,2011,3283631388
ROU,INFRAINVEST,ROAD,EUR,A,2012,3092797380
ROU,INFRAINVEST,ROAD,EUR,A,2013,2728712692
ROU,INFRAINVEST,ROAD,EUR,A,2014,2492631011
ROU,INFRAINVEST,ROAD,EUR,A,2015,2870287051
ROU,INFRAINVEST,ROAD,EUR,A,2016,2366794335
ROU,INFRAINVEST,ROAD,EUR,A,2017,2133648521
ROU,INFRAINVEST,ROAD,EUR,A,2018,2181564246
RUS,INFRAINVEST,ROAD,EUR,A,1996,2474558016
RUS,INFRAINVEST,ROAD,EUR,A,1997,3134861952
RUS,INFRAINVEST,ROAD,EUR,A,1998,2305148988
RUS,INFRAINVEST,ROAD,EUR,A,1999,1665289981
RUS,INFRAINVEST,ROAD,EUR,A,2000,2571606026
RUS,INFRAINVEST,ROAD,EUR,A,2001,2344748509
RUS,INFRAINVEST,ROAD,EUR,A,2002,2071355312
RUS,INFRAINVEST,ROAD,EUR,A,2003,2113111081
RUS,INFRAINVEST,ROAD,EUR,A,2004,3180720604
RUS,INFRAINVEST,ROAD,EUR,A,2005,3786278176
RUS,INFRAINVEST,ROAD,EUR,A,2006,4873784074
RUS,INFRAINVEST,ROAD,EUR,A,2007,7296824105
RUS,INFRAINVEST,ROAD,EUR,A,2008,9880380173
RUS,INFRAINVEST,ROAD,EUR,A,2009,6240104769
RUS,INFRAINVEST,ROAD,EUR,A,2010,6201084487
RUS,INFRAINVEST,ROAD,EUR,A,2011,8421851970
RUS,INFRAINVEST,ROAD,EUR,A,2012,9281187834
RUS,INFRAINVEST,ROAD,EUR,A,2013,9836121429
RUS,INFRAINVEST,ROAD,EUR,A,2014,8283687132
RUS,INFRAINVEST,ROAD,EUR,A,2015,6117207705
RUS,INFRAINVEST,ROAD,EUR,A,2016,7597091434
RUS,INFRAINVEST,ROAD,EUR,A,2017,8200559986
RUS,INFRAINVEST,ROAD,EUR,A,2018,7298221094
RUS,INFRAINVEST,ROAD,EUR,A,2019,6710809666
RUS,INFRAINVEST,ROAD,EUR,A,2020,6953092859
SVN,INFRAINVEST,ROAD,EUR,A,1995,186000000
SVN,INFRAINVEST,ROAD,EUR,A,1996,284000000
SVN,INFRAINVEST,ROAD,EUR,A,1997,293000000
SVN,INFRAINVEST,ROAD,EUR,A,1998,263000000
SVN,INFRAINVEST,ROAD,EUR,A,1999,352000000
SVN,INFRAINVEST,ROAD,EUR,A,2000,372000000
SVN,INFRAINVEST,ROAD,EUR,A,2001,284000000
SVN,INFRAINVEST,ROAD,EUR,A,2002,337000000
SVN,INFRAINVEST,ROAD,EUR,A,2003,470000000
SVN,INFRAINVEST,ROAD,EUR,A,2004,496000000
SVN,INFRAINVEST,ROAD,EUR,A,2005,450000000
SVN,INFRAINVEST,ROAD,EUR,A,2006,573000000
SVN,INFRAINVEST,ROAD,EUR,A,2007,666000000
SVN,INFRAINVEST,ROAD,EUR,A,2008,694000000
SVN,INFRAINVEST,ROAD,EUR,A,2009,406000000
SVN,INFRAINVEST,ROAD,EUR,A,2010,221000000
SVN,INFRAINVEST,ROAD,EUR,A,2011,112000000
SVN,INFRAINVEST,ROAD,EUR,A,2012,102000000
SVN,INFRAINVEST,ROAD,EUR,A,2013,104000000
SVN,INFRAINVEST,ROAD,EUR,A,2014,128000000
SVN,INFRAINVEST,ROAD,EUR,A,2015,145000000
SVN,INFRAINVEST,ROAD,EUR,A,2016,149000000
SVN,INFRAINVEST,ROAD,EUR,A,2017,217000000
SVN,INFRAINVEST,ROAD,EUR,A,2018,330000000
SVN,INFRAINVEST,ROAD,EUR,A,2019,306000000
SVN,INFRAINVEST,ROAD,EUR,A,2020,235000000
SVN,INFRAINVEST,ROAD,EUR,A,2021,299000000
SRB,INFRAINVEST,ROAD,EUR,A,1999,32699219.78
SRB,INFRAINVEST,ROAD,EUR,A,2000,56596923.97
SRB,INFRAINVEST,ROAD,EUR,A,2001,81418390.52
SRB,INFRAINVEST,ROAD,EUR,A,2002,139066475.1
SRB,INFRAINVEST,ROAD,EUR,A,2003,168672958.5
SRB,INFRAINVEST,ROAD,EUR,A,2004,184741402
SRB,INFRAINVEST,ROAD,EUR,A,2005,174052122.7
SRB,INFRAINVEST,ROAD,EUR,A,2006,351316099
SRB,INFRAINVEST,ROAD,EUR,A,2007,406070426.6
SRB,INFRAINVEST,ROAD,EUR,A,2008,378948997
SRB,INFRAINVEST,ROAD,EUR,A,2009,251359245.2
SRB,INFRAINVEST,ROAD,EUR,A,2010,228848120.1
SRB,INFRAINVEST,ROAD,EUR,A,2011,338852896
SRB,INFRAINVEST,ROAD,EUR,A,2012,256622260.1
SRB,INFRAINVEST,ROAD,EUR,A,2013,279291914.6
SRB,INFRAINVEST,ROAD,EUR,A,2014,336982023.9
SRB,INFRAINVEST,ROAD,EUR,A,2015,505058874.5
SRB,INFRAINVEST,ROAD,EUR,A,2016,493838193.4
SRB,INFRAINVEST,ROAD,EUR,A,2017,506622631.2
SRB,INFRAINVEST,ROAD,EUR,A,2018,442540366.1
SRB,INFRAINVEST,ROAD,EUR,A,2019,584390123
SRB,INFRAINVEST,ROAD,EUR,A,2020,430536465.2
SRB,INFRAINVEST,ROAD,EUR,A,2021,853430246.5
MNE,INFRAINVEST,ROAD,EUR,A,1995,6238.22196
MNE,INFRAINVEST,ROAD,EUR,A,1996,14470.18638
MNE,INFRAINVEST,ROAD,EUR,A,1997,22623.13612
MNE,INFRAINVEST,ROAD,EUR,A,1998,12643.92354
MNE,INFRAINVEST,ROAD,EUR,A,1999,12570.159
MNE,INFRAINVEST,ROAD,EUR,A,2000,764381.3624
MNE,INFRAINVEST,ROAD,EUR,A,2001,274052.4483
ISR,INFRAINVEST,ROAD,EUR,A,1995,557676685.6
ISR,INFRAINVEST,ROAD,EUR,A,1996,667637620.3
ISR,INFRAINVEST,ROAD,EUR,A,1997,672958387.7
ISR,INFRAINVEST,ROAD,EUR,A,1998,662236598.5
ISR,INFRAINVEST,ROAD,EUR,A,1999,556802346.7
ISR,INFRAINVEST,ROAD,EUR,A,2000,994637927.4
ISR,INFRAINVEST,ROAD,EUR,A,2001,1237422678
ISR,INFRAINVEST,ROAD,EUR,A,2002,1125552727
ISR,INFRAINVEST,ROAD,EUR,A,2003,983979468.8
ISR,INFRAINVEST,ROAD,EUR,A,2004,589935548.7
ISR,INFRAINVEST,ROAD,EUR,A,2005,529324278.3
ISR,INFRAINVEST,ROAD,EUR,A,2006,692178331.2
ISR,INFRAINVEST,ROAD,EUR,A,2007,1007377122
ISR,INFRAINVEST,ROAD,EUR,A,2008,1212057856
ISR,INFRAINVEST,ROAD,EUR,A,2009,860684964.1
ISR,INFRAINVEST,ROAD,EUR,A,2010,982974946.5
ISR,INFRAINVEST,ROAD,EUR,A,2011,1068054830
ISR,INFRAINVEST,ROAD,EUR,A,2012,1275732623
ISR,INFRAINVEST,ROAD,EUR,A,2013,1483126851
ISR,INFRAINVEST,ROAD,EUR,A,2014,1371929381
ISR,INFRAINVEST,ROAD,EUR,A,2015,1514097570
ISR,INFRAINVEST,ROAD,EUR,A,2016,1625603012
ISR,INFRAINVEST,ROAD,EUR,A,2017,1920462940
ISR,INFRAINVEST,ROAD,EUR,A,2018,1932957467
ISR,INFRAINVEST,ROAD,EUR,A,2019,2163096580
ISR,INFRAINVEST,ROAD,EUR,A,2020,2744178937
ISR,INFRAINVEST,ROAD,EUR,A,2021,2692327807
ARM,INFRAINVEST,ROAD,EUR,A,2001,1371881.459
ARM,INFRAINVEST,ROAD,EUR,A,2002,830439.4058
ARM,INFRAINVEST,ROAD,EUR,A,2003,418066.2715
ARM,INFRAINVEST,ROAD,EUR,A,2004,3923281.209
ARM,INFRAINVEST,ROAD,EUR,A,2005,19854465.37
ARM,INFRAINVEST,ROAD,EUR,A,2006,23142418.73
ARM,INFRAINVEST,ROAD,EUR,A,2007,29057065.22
ARM,INFRAINVEST,ROAD,EUR,A,2008,50248397.32
ARM,INFRAINVEST,ROAD,EUR,A,2009,84166325.63
ARM,INFRAINVEST,ROAD,EUR,A,2010,36550829.59
ARM,INFRAINVEST,ROAD,EUR,A,2011,30534426.25
ARM,INFRAINVEST,ROAD,EUR,A,2012,26502499.44
ARM,INFRAINVEST,ROAD,EUR,A,2013,23186814.66
ARM,INFRAINVEST,ROAD,EUR,A,2014,66773298.72
ARM,INFRAINVEST,ROAD,EUR,A,2015,77721546.82
ARM,INFRAINVEST,ROAD,EUR,A,2016,90425116.73
CHN,INFRAINVEST,ROAD,EUR,A,1995,3407180304
CHN,INFRAINVEST,ROAD,EUR,A,1997,7112420199
CHN,INFRAINVEST,ROAD,EUR,A,1998,11460790433
CHN,INFRAINVEST,ROAD,EUR,A,1999,12793911384
CHN,INFRAINVEST,ROAD,EUR,A,2000,17270299188
CHN,INFRAINVEST,ROAD,EUR,A,2001,19602600297
CHN,INFRAINVEST,ROAD,EUR,A,2004,45368785847
CHN,INFRAINVEST,ROAD,EUR,A,2005,54805093042
CHN,INFRAINVEST,ROAD,EUR,A,2006,64763437994
CHN,INFRAINVEST,ROAD,EUR,A,2007,66510132699
CHN,INFRAINVEST,ROAD,EUR,A,2008,72954189415
CHN,INFRAINVEST,ROAD,EUR,A,2009,1.11241E+11
CHN,INFRAINVEST,ROAD,EUR,A,2010,1.42354E+11
CHN,INFRAINVEST,ROAD,EUR,A,2011,1.54221E+11
CHN,INFRAINVEST,ROAD,EUR,A,2012,2.15276E+11
CHN,INFRAINVEST,ROAD,EUR,A,2013,2.4928E+11
CHN,INFRAINVEST,ROAD,EUR,A,2014,3.00735E+11
CHN,INFRAINVEST,ROAD,EUR,A,2015,4.14199E+11
CHN,INFRAINVEST,ROAD,EUR,A,2016,4.48261E+11
CHN,INFRAINVEST,ROAD,EUR,A,2017,5.28997E+11
CHN,INFRAINVEST,ROAD,EUR,A,2018,5.58506E+11
CHN,INFRAINVEST,ROAD,EUR,A,2019,6.1467E+11
CHN,INFRAINVEST,ROAD,EUR,A,2020,6.15341E+11
CHN,INFRAINVEST,ROAD,EUR,A,2021,6.26834E+11
CHL,INFRAINVEST,ROAD,EUR,A,1998,715808767.7
CHL,INFRAINVEST,ROAD,EUR,A,1999,826113284.1
CHL,INFRAINVEST,ROAD,EUR,A,2000,976266637.7
CHL,INFRAINVEST,ROAD,EUR,A,2001,1162527095
CHL,INFRAINVEST,ROAD,EUR,A,2002,932856333.3
CHL,INFRAINVEST,ROAD,EUR,A,2003,751518972.7
CHL,INFRAINVEST,ROAD,EUR,A,2004,968028203.2
CHL,INFRAINVEST,ROAD,EUR,A,2005,864125789.3
CHL,INFRAINVEST,ROAD,EUR,A,2006,633077424.9
CHL,INFRAINVEST,ROAD,EUR,A,2007,635921829.1
CHL,INFRAINVEST,ROAD,EUR,A,2008,625180870.6
CHL,INFRAINVEST,ROAD,EUR,A,2009,619264594.4
CHL,INFRAINVEST,ROAD,EUR,A,2010,758516029.8
CHL,INFRAINVEST,ROAD,EUR,A,2011,1003629428
CHL,INFRAINVEST,ROAD,EUR,A,2012,1211562170
CHL,INFRAINVEST,ROAD,EUR,A,2013,1392717866
CHL,INFRAINVEST,ROAD,EUR,A,2014,1330010082
CHL,INFRAINVEST,ROAD,EUR,A,2015,1273150278
CHL,INFRAINVEST,ROAD,EUR,A,2016,1315891100
CHL,INFRAINVEST,ROAD,EUR,A,2017,1316615244
CHL,INFRAINVEST,ROAD,EUR,A,2018,1011339933
CHL,INFRAINVEST,ROAD,EUR,A,2019,1171186404
CHL,INFRAINVEST,ROAD,EUR,A,2020,892007993.9
CHL,INFRAINVEST,ROAD,EUR,A,2021,475240090.2
BLR,INFRAINVEST,ROAD,EUR,A,2005,537113017.5
BLR,INFRAINVEST,ROAD,EUR,A,2006,601559599
BLR,INFRAINVEST,ROAD,EUR,A,2007,781101291.6
BLR,INFRAINVEST,ROAD,EUR,A,2008,933142311.4
BLR,INFRAINVEST,ROAD,EUR,A,2009,647134412.7
BLR,INFRAINVEST,ROAD,EUR,A,2010,878734177.2
BLR,INFRAINVEST,ROAD,EUR,A,2011,1186610514
BLR,INFRAINVEST,ROAD,EUR,A,2012,1581319399
BLR,INFRAINVEST,ROAD,EUR,A,2013,1446139503
BLR,INFRAINVEST,ROAD,EUR,A,2014,1357658853
BLR,INFRAINVEST,ROAD,EUR,A,2015,1007813385
BLR,INFRAINVEST,ROAD,EUR,A,2016,872967572
BLR,INFRAINVEST,ROAD,EUR,A,2017,960754682.4
BLR,INFRAINVEST,ROAD,EUR,A,2018,1004655803
BLR,INFRAINVEST,ROAD,EUR,A,2019,1157793622
UZB,INFRAINVEST,ROAD,EUR,A,2019,624330117.9
UZB,INFRAINVEST,ROAD,EUR,A,2020,657145360.6
UZB,INFRAINVEST,ROAD,EUR,A,2021,875369666.2
