LOCATION,INDICATOR,TIME,Value
AUS,INFRAINVEST,1995,555481399.4
AUS,INFRAINVEST,1996,650326801.4
AUS,INFRAINVEST,1997,863134036.2
AUS,INFRAINVEST,1998,638475356.2
AUS,INFRAINVEST,1999,618946377.9
AUS,INFRAINVEST,2000,484898031.6
AUS,INFRAINVEST,2001,351215942.7
AUS,INFRAINVEST,2002,499921309.2
AUS,INFRAINVEST,2003,738864092.4
AUS,INFRAINVEST,2004,892547337.2
AUS,INFRAINVEST,2005,1372033078
AUS,INFRAINVEST,2006,1338171207
AUS,INFRAINVEST,2007,1639092468
AUS,INFRAINVEST,2008,1738814088
AUS,INFRAINVEST,2009,1902977693
AUS,INFRAINVEST,2010,3229693518
AUS,INFRAINVEST,2011,4564889188
AUS,INFRAINVEST,2012,6152460165
AUS,INFRAINVEST,2013,5538285101
AUS,INFRAINVEST,2014,4551795334
AUS,INFRAINVEST,2015,3549392933
AUS,INFRAINVEST,2016,2540968201
AUS,INFRAINVEST,2017,3052481607
AUS,INFRAINVEST,2018,4628354860
AUS,INFRAINVEST,2019,4935197899
AUS,INFRAINVEST,2020,5192724743
AUS,INFRAINVEST,2021,6750072092
AUT,INFRAINVEST,1995,521000000
AUT,INFRAINVEST,1996,590000000
AUT,INFRAINVEST,1997,710000000
AUT,INFRAINVEST,1998,979000000
AUT,INFRAINVEST,1999,1120000000
AUT,INFRAINVEST,2000,1199000000
AUT,INFRAINVEST,2001,1071000000
AUT,INFRAINVEST,2002,1191000000
AUT,INFRAINVEST,2003,1145000000
AUT,INFRAINVEST,2004,1335000000
AUT,INFRAINVEST,2005,1330000000
AUT,INFRAINVEST,2006,1489000000
AUT,INFRAINVEST,2007,1505000000
AUT,INFRAINVEST,2008,1683000000
AUT,INFRAINVEST,2009,2062000000
AUT,INFRAINVEST,2010,1936000000
AUT,INFRAINVEST,2011,2143000000
AUT,INFRAINVEST,2012,1688000000
AUT,INFRAINVEST,2013,1648000000
AUT,INFRAINVEST,2014,1567000000
AUT,INFRAINVEST,2015,1549000000
AUT,INFRAINVEST,2016,1523000000
AUT,INFRAINVEST,2017,1552000000
AUT,INFRAINVEST,2018,1682000000
AUT,INFRAINVEST,2019,1737000000
AUT,INFRAINVEST,2020,2002000000
AUT,INFRAINVEST,2021,2249500000
BEL,INFRAINVEST,1995,668000000
BEL,INFRAINVEST,1996,537000000
BEL,INFRAINVEST,1997,635000000
BEL,INFRAINVEST,1998,637000000
BEL,INFRAINVEST,1999,764000000
BEL,INFRAINVEST,2000,1012000000
BEL,INFRAINVEST,2001,856000000
BEL,INFRAINVEST,2002,1049000000
BEL,INFRAINVEST,2003,959000000
BEL,INFRAINVEST,2004,976000000
BEL,INFRAINVEST,2005,948527538.2
BEL,INFRAINVEST,2006,928448430.7
BEL,INFRAINVEST,2007,820740802.3
BEL,INFRAINVEST,2008,982865787.5
BEL,INFRAINVEST,2009,1404314281
BEL,INFRAINVEST,2010,1376467073
BEL,INFRAINVEST,2011,1295066303
BEL,INFRAINVEST,2012,1333431630
BEL,INFRAINVEST,2013,1200786096
BEL,INFRAINVEST,2014,1107978558
BEL,INFRAINVEST,2015,1005993900
BEL,INFRAINVEST,2016,959083668.6
BEL,INFRAINVEST,2017,880000000
BEL,INFRAINVEST,2018,926000000
BEL,INFRAINVEST,2019,899000000
BEL,INFRAINVEST,2020,1008252225
BEL,INFRAINVEST,2021,1137261091
CAN,INFRAINVEST,1995,290775401.1
CAN,INFRAINVEST,1996,276686691.3
CAN,INFRAINVEST,1997,410932721.7
CAN,INFRAINVEST,1998,480485898.1
CAN,INFRAINVEST,1999,510815412.8
CAN,INFRAINVEST,2000,608226371.1
CAN,INFRAINVEST,2001,473786687.8
CAN,INFRAINVEST,2002,452522255.2
CAN,INFRAINVEST,2003,489886220
CAN,INFRAINVEST,2004,356215213.4
CAN,INFRAINVEST,2005,580910114.6
CAN,INFRAINVEST,2006,598230585.6
CAN,INFRAINVEST,2007,645380897.3
CAN,INFRAINVEST,2008,616943500.3
CAN,INFRAINVEST,2009,493313146.6
CAN,INFRAINVEST,2010,697402122.2
CAN,INFRAINVEST,2011,869438790.3
CAN,INFRAINVEST,2012,1044520548
CAN,INFRAINVEST,2013,1011400175
CAN,INFRAINVEST,2014,962574135.9
CAN,INFRAINVEST,2015,1065180587
CAN,INFRAINVEST,2016,796508456.1
CAN,INFRAINVEST,2017,918464900.3
CAN,INFRAINVEST,2018,1081557966
CAN,INFRAINVEST,2019,1366359292
CZE,INFRAINVEST,1995,112319717.8
CZE,INFRAINVEST,1996,159803372.5
CZE,INFRAINVEST,1997,280063374.8
CZE,INFRAINVEST,1998,302455737.7
CZE,INFRAINVEST,1999,268707141.8
CZE,INFRAINVEST,2000,370746942.7
CZE,INFRAINVEST,2001,393952562.4
CZE,INFRAINVEST,2002,473793692.1
CZE,INFRAINVEST,2003,415919504.3
CZE,INFRAINVEST,2004,411744609.9
CZE,INFRAINVEST,2005,484400022.8
CZE,INFRAINVEST,2006,465026007.3
CZE,INFRAINVEST,2007,612539718
CZE,INFRAINVEST,2008,1217156136
CZE,INFRAINVEST,2009,740621739.7
CZE,INFRAINVEST,2010,563179264.6
CZE,INFRAINVEST,2011,446822182.1
CZE,INFRAINVEST,2012,381534888.5
CZE,INFRAINVEST,2013,334664758
CZE,INFRAINVEST,2014,454245019.2
CZE,INFRAINVEST,2015,1164925783
CZE,INFRAINVEST,2016,681496031
CZE,INFRAINVEST,2017,565612750.3
CZE,INFRAINVEST,2018,741057048.5
CZE,INFRAINVEST,2019,762841938.8
CZE,INFRAINVEST,2020,1123320293
CZE,INFRAINVEST,2021,1448913705
DNK,INFRAINVEST,1995,726071706.4
DNK,INFRAINVEST,1996,1033587869
DNK,INFRAINVEST,1997,872255409
DNK,INFRAINVEST,1998,818021813.9
DNK,INFRAINVEST,1999,634649523.9
DNK,INFRAINVEST,2000,563873460.5
DNK,INFRAINVEST,2001,459730012.6
DNK,INFRAINVEST,2002,478433483.6
DNK,INFRAINVEST,2003,337922403
DNK,INFRAINVEST,2004,341536848.6
DNK,INFRAINVEST,2005,240884630.4
DNK,INFRAINVEST,2006,178171629.3
DNK,INFRAINVEST,2007,232055618.2
DNK,INFRAINVEST,2008,372988197.4
DNK,INFRAINVEST,2009,356687213.8
DNK,INFRAINVEST,2010,396390589.8
DNK,INFRAINVEST,2011,862871944.9
DNK,INFRAINVEST,2012,915795695.7
DNK,INFRAINVEST,2013,996124914.5
DNK,INFRAINVEST,2014,1159371688
DNK,INFRAINVEST,2015,1308422492
DNK,INFRAINVEST,2016,1185026997
DNK,INFRAINVEST,2017,1228171589
DNK,INFRAINVEST,2018,1351365856
FIN,INFRAINVEST,1995,226000000
FIN,INFRAINVEST,1996,192000000
FIN,INFRAINVEST,1997,224000000
FIN,INFRAINVEST,1998,254000000
FIN,INFRAINVEST,1999,264000000
FIN,INFRAINVEST,2000,233000000
FIN,INFRAINVEST,2001,204000000
FIN,INFRAINVEST,2002,225000000
FIN,INFRAINVEST,2003,275000000
FIN,INFRAINVEST,2004,328000000
FIN,INFRAINVEST,2005,281000000
FIN,INFRAINVEST,2006,234000000
FIN,INFRAINVEST,2007,211000000
FIN,INFRAINVEST,2008,327000000
FIN,INFRAINVEST,2009,361000000
FIN,INFRAINVEST,2010,388000000
FIN,INFRAINVEST,2011,355000000
FIN,INFRAINVEST,2012,450000000
FIN,INFRAINVEST,2013,605000000
FIN,INFRAINVEST,2014,643000000
FIN,INFRAINVEST,2015,567000000
FIN,INFRAINVEST,2016,537000000
FIN,INFRAINVEST,2017,521000000
FIN,INFRAINVEST,2018,491000000
FIN,INFRAINVEST,2019,462000000
FIN,INFRAINVEST,2020,684000000
FIN,INFRAINVEST,2021,606000000
FRA,INFRAINVEST,1995,2765572479
FRA,INFRAINVEST,1996,2963000000
FRA,INFRAINVEST,1997,3024000000
FRA,INFRAINVEST,1998,2879000000
FRA,INFRAINVEST,1999,2891000000
FRA,INFRAINVEST,2000,2954750000
FRA,INFRAINVEST,2001,2443638000
FRA,INFRAINVEST,2002,3044642000
FRA,INFRAINVEST,2003,3633564000
FRA,INFRAINVEST,2004,3680498000
FRA,INFRAINVEST,2005,4171382500
FRA,INFRAINVEST,2006,4303020000
FRA,INFRAINVEST,2007,4616418000
FRA,INFRAINVEST,2008,4696513302
FRA,INFRAINVEST,2009,4968770094
FRA,INFRAINVEST,2010,5103166000
FRA,INFRAINVEST,2011,7060006000
FRA,INFRAINVEST,2012,8043087000
FRA,INFRAINVEST,2013,10467884000
FRA,INFRAINVEST,2014,9125321000
FRA,INFRAINVEST,2015,8797194000
FRA,INFRAINVEST,2016,8614650000
FRA,INFRAINVEST,2017,9334770000
FRA,INFRAINVEST,2018,10284883399
FRA,INFRAINVEST,2019,11528382879
FRA,INFRAINVEST,2020,10789379413
FRA,INFRAINVEST,2021,11557639689
DEU,INFRAINVEST,1995,5747000000
DEU,INFRAINVEST,1996,5200000000
DEU,INFRAINVEST,1997,4745000000
DEU,INFRAINVEST,1998,4423000000
DEU,INFRAINVEST,1999,7350000000
DEU,INFRAINVEST,2000,5305000000
DEU,INFRAINVEST,2001,5481000000
DEU,INFRAINVEST,2002,7437000000
DEU,INFRAINVEST,2003,7228000000
DEU,INFRAINVEST,2004,6404000000
DEU,INFRAINVEST,2005,3411000000
DEU,INFRAINVEST,2006,3971000000
DEU,INFRAINVEST,2007,3836000000
DEU,INFRAINVEST,2008,3816000000
DEU,INFRAINVEST,2009,3412000000
DEU,INFRAINVEST,2010,3807000000
DEU,INFRAINVEST,2011,4086000000
DEU,INFRAINVEST,2012,5915000000
DEU,INFRAINVEST,2013,5773301077
DEU,INFRAINVEST,2014,6848115139
DEU,INFRAINVEST,2015,6857149428
DEU,INFRAINVEST,2016,6413000000
DEU,INFRAINVEST,2017,7056000000
DEU,INFRAINVEST,2018,7590000000
DEU,INFRAINVEST,2019,8577000000
DEU,INFRAINVEST,2020,9615000000
DEU,INFRAINVEST,2021,10078000000
GRC,INFRAINVEST,2000,591000000
GRC,INFRAINVEST,2001,304000000
GRC,INFRAINVEST,2002,983000000
GRC,INFRAINVEST,2003,1699000000
GRC,INFRAINVEST,2004,1786000000
GRC,INFRAINVEST,2005,430000000
GRC,INFRAINVEST,2006,247000000
GRC,INFRAINVEST,2007,324000000
GRC,INFRAINVEST,2008,340000000
GRC,INFRAINVEST,2009,467000000
GRC,INFRAINVEST,2010,503562714.6
GRC,INFRAINVEST,2011,164317672.2
GRC,INFRAINVEST,2012,246008252.3
GRC,INFRAINVEST,2013,142647267.8
GRC,INFRAINVEST,2014,59358735.16
GRC,INFRAINVEST,2015,343564393.9
GRC,INFRAINVEST,2016,449573425
GRC,INFRAINVEST,2017,223801714.4
GRC,INFRAINVEST,2018,150967152.6
GRC,INFRAINVEST,2019,97855565.72
GRC,INFRAINVEST,2020,50895098.94
GRC,INFRAINVEST,2021,49384982.77
HUN,INFRAINVEST,1995,84991378.13
HUN,INFRAINVEST,1996,102938519.7
HUN,INFRAINVEST,1997,79737526.51
HUN,INFRAINVEST,1998,135276507.9
HUN,INFRAINVEST,1999,188116128.4
HUN,INFRAINVEST,2000,196793653.1
HUN,INFRAINVEST,2001,227570120
HUN,INFRAINVEST,2002,277905522.8
HUN,INFRAINVEST,2003,279364646.1
HUN,INFRAINVEST,2004,154510341.3
HUN,INFRAINVEST,2005,170675845.7
HUN,INFRAINVEST,2006,91408668
HUN,INFRAINVEST,2007,376435451.9
HUN,INFRAINVEST,2008,298159789.5
HUN,INFRAINVEST,2009,317614835.7
HUN,INFRAINVEST,2010,271989023.7
HUN,INFRAINVEST,2011,348777344.2
HUN,INFRAINVEST,2012,472418138.5
HUN,INFRAINVEST,2013,623201661.7
HUN,INFRAINVEST,2014,626656305.2
HUN,INFRAINVEST,2015,701286715.8
HUN,INFRAINVEST,2016,323165093.4
HUN,INFRAINVEST,2017,556053318.7
HUN,INFRAINVEST,2018,803129312.3
HUN,INFRAINVEST,2019,879842868.5
HUN,INFRAINVEST,2020,717621881.8
HUN,INFRAINVEST,2021,645515782
ISL,INFRAINVEST,1995,
ISL,INFRAINVEST,1996,
ISL,INFRAINVEST,1997,
ISL,INFRAINVEST,1998,
ISL,INFRAINVEST,1999,
ISL,INFRAINVEST,2000,
ISL,INFRAINVEST,2001,
ISL,INFRAINVEST,2002,
ISL,INFRAINVEST,2003,
ISL,INFRAINVEST,2004,
ISL,INFRAINVEST,2005,
ISL,INFRAINVEST,2006,
ISL,INFRAINVEST,2007,
ISL,INFRAINVEST,2008,
ISL,INFRAINVEST,2009,
ISL,INFRAINVEST,2010,
ISL,INFRAINVEST,2011,
ISL,INFRAINVEST,2012,
ISL,INFRAINVEST,2013,
ISL,INFRAINVEST,2014,
ISL,INFRAINVEST,2015,
ISL,INFRAINVEST,2016,
ISL,INFRAINVEST,2017,
ISL,INFRAINVEST,2018,
ISL,INFRAINVEST,2019,
ISL,INFRAINVEST,2020,
ISL,INFRAINVEST,2021,
IRL,INFRAINVEST,1995,29000000
IRL,INFRAINVEST,1996,2000000
IRL,INFRAINVEST,1997,9000000
IRL,INFRAINVEST,1998,35659484.51
IRL,INFRAINVEST,1999,5223189.3
IRL,INFRAINVEST,2000,245005372.3
IRL,INFRAINVEST,2001,86127937.85
IRL,INFRAINVEST,2002,151516434.2
IRL,INFRAINVEST,2003,195394806.6
IRL,INFRAINVEST,2004,194179561.4
IRL,INFRAINVEST,2005,180829604.8
IRL,INFRAINVEST,2006,173899707.9
IRL,INFRAINVEST,2007,251038589.9
IRL,INFRAINVEST,2008,147379149.1
IRL,INFRAINVEST,2009,138532474.3
IRL,INFRAINVEST,2010,101666638.1
IRL,INFRAINVEST,2011,143086988.6
IRL,INFRAINVEST,2012,64607366.86
IRL,INFRAINVEST,2013,65741389.7
IRL,INFRAINVEST,2014,1560069268
IRL,INFRAINVEST,2015,63845200.93
IRL,INFRAINVEST,2016,34831490.4
IRL,INFRAINVEST,2017,68810087.38
IRL,INFRAINVEST,2018,43610566.89
IRL,INFRAINVEST,2019,71888995.56
IRL,INFRAINVEST,2020,101000000
ITA,INFRAINVEST,1995,1950000000
ITA,INFRAINVEST,1996,2013000000
ITA,INFRAINVEST,1997,2078000000
ITA,INFRAINVEST,1998,2170000000
ITA,INFRAINVEST,1999,3681000000
ITA,INFRAINVEST,2000,4549000000
ITA,INFRAINVEST,2001,4856000000
ITA,INFRAINVEST,2002,5525000000
ITA,INFRAINVEST,2003,7403000000
ITA,INFRAINVEST,2004,8809000000
ITA,INFRAINVEST,2005,10175000000
ITA,INFRAINVEST,2006,8970000000
ITA,INFRAINVEST,2007,7702000000
ITA,INFRAINVEST,2008,7109000000
ITA,INFRAINVEST,2009,5687000000
ITA,INFRAINVEST,2010,4773000000
ITA,INFRAINVEST,2011,4466000000
ITA,INFRAINVEST,2012,4238000000
ITA,INFRAINVEST,2013,4103000000
ITA,INFRAINVEST,2014,4742000000
ITA,INFRAINVEST,2015,2861000000
ITA,INFRAINVEST,2016,3874000000
ITA,INFRAINVEST,2017,3296000000
ITA,INFRAINVEST,2018,2855000000
ITA,INFRAINVEST,2019,4246000000
ITA,INFRAINVEST,2020,9768000000
JPN,INFRAINVEST,1995,8456340090
JPN,INFRAINVEST,1996,7522380694
JPN,INFRAINVEST,1997,6198278849
JPN,INFRAINVEST,1998,6186887287
JPN,INFRAINVEST,1999,8308133793
JPN,INFRAINVEST,2000,10145572962
JPN,INFRAINVEST,2001,9586956887
JPN,INFRAINVEST,2002,9085073599
JPN,INFRAINVEST,2003,7522860701
JPN,INFRAINVEST,2004,6214676346
JPN,INFRAINVEST,2005,6050438950
JPN,INFRAINVEST,2006,6738741816
JPN,INFRAINVEST,2007,6882796271
JPN,INFRAINVEST,2008,7369257130
JPN,INFRAINVEST,2009,9601945141
JPN,INFRAINVEST,2010,11305885029
JPN,INFRAINVEST,2011,10208813812
JPN,INFRAINVEST,2012,11803122282
JPN,INFRAINVEST,2013,9192030123
JPN,INFRAINVEST,2014,8644266433
JPN,INFRAINVEST,2015,8880164753
JPN,INFRAINVEST,2016,9174734997
JPN,INFRAINVEST,2017,13574591136
JPN,INFRAINVEST,2018,15123623862
JPN,INFRAINVEST,2019,17559893925
JPN,INFRAINVEST,2020,17019744642
KOR,INFRAINVEST,2001,3107005710
KOR,INFRAINVEST,2002,3493725020
KOR,INFRAINVEST,2003,3444917323
KOR,INFRAINVEST,2004,2979729807
KOR,INFRAINVEST,2005,3846167584
KOR,INFRAINVEST,2006,3827285511
KOR,INFRAINVEST,2007,3458381040
KOR,INFRAINVEST,2008,4286806937
KOR,INFRAINVEST,2009,4628046655
KOR,INFRAINVEST,2010,5256921214
KOR,INFRAINVEST,2011,4938070506
KOR,INFRAINVEST,2012,5962700456
KOR,INFRAINVEST,2013,5837744881
KOR,INFRAINVEST,2014,6176263037
KOR,INFRAINVEST,2015,8590822330
KOR,INFRAINVEST,2016,7552826230
KOR,INFRAINVEST,2017,7771604749
KOR,INFRAINVEST,2018,5366736538
KOR,INFRAINVEST,2019,6278662977
LUX,INFRAINVEST,1995,23231763.09
LUX,INFRAINVEST,1996,167914273.5
LUX,INFRAINVEST,1997,28696427.11
LUX,INFRAINVEST,1998,35507475.23
LUX,INFRAINVEST,1999,29761823.9
LUX,INFRAINVEST,2000,39218601
LUX,INFRAINVEST,2001,72480850
LUX,INFRAINVEST,2002,68805000
LUX,INFRAINVEST,2003,88265000
LUX,INFRAINVEST,2004,106899000
LUX,INFRAINVEST,2005,126527000
LUX,INFRAINVEST,2006,103884868
LUX,INFRAINVEST,2007,138483654
LUX,INFRAINVEST,2008,149743176
LUX,INFRAINVEST,2009,172348101
LUX,INFRAINVEST,2010,156537840
LUX,INFRAINVEST,2011,150428284
LUX,INFRAINVEST,2012,124933429
LUX,INFRAINVEST,2013,145888748
LUX,INFRAINVEST,2014,191503382
LUX,INFRAINVEST,2015,277740939
LUX,INFRAINVEST,2016,317180624
LUX,INFRAINVEST,2017,289998924
LUX,INFRAINVEST,2018,263917942
LUX,INFRAINVEST,2019,235449619
LUX,INFRAINVEST,2020,265778926
MEX,INFRAINVEST,1995,168471918.7
MEX,INFRAINVEST,1996,157413937.3
MEX,INFRAINVEST,1997,233876292.3
MEX,INFRAINVEST,1998,282250219.3
MEX,INFRAINVEST,1999,381270402
MEX,INFRAINVEST,2000,430145458.5
MEX,INFRAINVEST,2001,364654792.3
MEX,INFRAINVEST,2002,338188474.1
MEX,INFRAINVEST,2003,201366278.1
MEX,INFRAINVEST,2004,191880952.5
MEX,INFRAINVEST,2005,222524000.6
MEX,INFRAINVEST,2006,370606932.5
MEX,INFRAINVEST,2007,562727261.7
MEX,INFRAINVEST,2008,498957192.4
MEX,INFRAINVEST,2009,437585757.3
MEX,INFRAINVEST,2010,434765176.3
MEX,INFRAINVEST,2011,649900395.4
MEX,INFRAINVEST,2012,590730097
MEX,INFRAINVEST,2013,699289810.6
MEX,INFRAINVEST,2014,997829712.9
MEX,INFRAINVEST,2015,1150139166
MEX,INFRAINVEST,2016,1355875508
MEX,INFRAINVEST,2017,1652722896
MEX,INFRAINVEST,2018,1455788072
MEX,INFRAINVEST,2019,800787259.7
MEX,INFRAINVEST,2020,398049883.1
MEX,INFRAINVEST,2021,484122592.1
NLD,INFRAINVEST,1997,487000000
NLD,INFRAINVEST,1998,503000000
NLD,INFRAINVEST,1999,488000000
NLD,INFRAINVEST,2000,710000000
NLD,INFRAINVEST,2001,816000000
NLD,INFRAINVEST,2002,1348000000
NLD,INFRAINVEST,2003,1298000000
NLD,INFRAINVEST,2004,1051000000
NLD,INFRAINVEST,2005,1100000000
NLD,INFRAINVEST,2006,703000000
NLD,INFRAINVEST,2007,845000000
NLD,INFRAINVEST,2008,820000000
NLD,INFRAINVEST,2009,778000000
NLD,INFRAINVEST,2010,1097000000
NLD,INFRAINVEST,2011,1136000000
NOR,INFRAINVEST,1995,323655057.6
NOR,INFRAINVEST,1996,488647039.4
NOR,INFRAINVEST,1997,389527777.1
NOR,INFRAINVEST,1998,348361624.7
NOR,INFRAINVEST,1999,197125503.6
NOR,INFRAINVEST,2000,362719844.2
NOR,INFRAINVEST,2001,199157648.9
NOR,INFRAINVEST,2002,189478169.4
NOR,INFRAINVEST,2003,200262516.4
NOR,INFRAINVEST,2004,221932894.6
NOR,INFRAINVEST,2005,193188483.6
NOR,INFRAINVEST,2006,258255347.2
NOR,INFRAINVEST,2007,310040781.7
NOR,INFRAINVEST,2008,287544985.9
NOR,INFRAINVEST,2009,358583081.3
NOR,INFRAINVEST,2010,479265550.8
NOR,INFRAINVEST,2011,561123015.9
NOR,INFRAINVEST,2012,675807638.3
NOR,INFRAINVEST,2013,838682400
NOR,INFRAINVEST,2014,1218297806
NOR,INFRAINVEST,2015,1281411812
NOR,INFRAINVEST,2016,1460608865
NOR,INFRAINVEST,2017,1249062024
NOR,INFRAINVEST,2018,1316688540
NOR,INFRAINVEST,2019,1537001127
NOR,INFRAINVEST,2020,1476857377
POL,INFRAINVEST,1995,247532557.6
POL,INFRAINVEST,1998,337549508.1
POL,INFRAINVEST,1999,237058767.9
POL,INFRAINVEST,2000,198113678.3
POL,INFRAINVEST,2001,113014351.5
POL,INFRAINVEST,2002,108472816.9
POL,INFRAINVEST,2003,194393288.3
POL,INFRAINVEST,2004,219981466
POL,INFRAINVEST,2005,236165664
POL,INFRAINVEST,2006,353264357.8
POL,INFRAINVEST,2007,646824033.2
POL,INFRAINVEST,2008,903530482.8
POL,INFRAINVEST,2009,649914545.7
POL,INFRAINVEST,2010,690112640.8
POL,INFRAINVEST,2011,925291961.1
POL,INFRAINVEST,2012,430896446.2
POL,INFRAINVEST,2013,262800505.1
POL,INFRAINVEST,2014,53052933.44
POL,INFRAINVEST,2015,340441809.3
POL,INFRAINVEST,2016,326565221.4
POL,INFRAINVEST,2017,510302375.3
POL,INFRAINVEST,2018,461906773.7
POL,INFRAINVEST,2019,654799301.9
POL,INFRAINVEST,2020,625675189.1
POL,INFRAINVEST,2021,683829973.7
PRT,INFRAINVEST,1995,196000000
PRT,INFRAINVEST,1996,260000000
PRT,INFRAINVEST,1997,476000000
PRT,INFRAINVEST,1998,536000000
PRT,INFRAINVEST,1999,342000000
PRT,INFRAINVEST,2000,401000000
PRT,INFRAINVEST,2001,418000000
PRT,INFRAINVEST,2002,523000000
PRT,INFRAINVEST,2003,704000000
PRT,INFRAINVEST,2004,484000000
PRT,INFRAINVEST,2005,415000000
PRT,INFRAINVEST,2006,307000000
PRT,INFRAINVEST,2007,329000000
PRT,INFRAINVEST,2008,392000000
PRT,INFRAINVEST,2009,360000000
PRT,INFRAINVEST,2010,403000000
PRT,INFRAINVEST,2011,333000000
PRT,INFRAINVEST,2012,86000000
PRT,INFRAINVEST,2013,71000000
PRT,INFRAINVEST,2014,120000000
PRT,INFRAINVEST,2015,177000000
PRT,INFRAINVEST,2016,79000000
PRT,INFRAINVEST,2017,110000000
PRT,INFRAINVEST,2018,132000000
PRT,INFRAINVEST,2019,216000000
PRT,INFRAINVEST,2020,220000000
PRT,INFRAINVEST,2021,307000000
SVK,INFRAINVEST,1995,59000000
SVK,INFRAINVEST,1996,107000000
SVK,INFRAINVEST,1997,121000000
SVK,INFRAINVEST,1998,64000000
SVK,INFRAINVEST,1999,37000000
SVK,INFRAINVEST,2000,53000000
SVK,INFRAINVEST,2001,169000000
SVK,INFRAINVEST,2002,241000000
SVK,INFRAINVEST,2003,91000000
SVK,INFRAINVEST,2004,91000000
SVK,INFRAINVEST,2005,160000000
SVK,INFRAINVEST,2006,225000000
SVK,INFRAINVEST,2007,287000000
SVK,INFRAINVEST,2008,214000000
SVK,INFRAINVEST,2009,175000000
SVK,INFRAINVEST,2010,273000000
SVK,INFRAINVEST,2011,289000000
SVK,INFRAINVEST,2012,216000000
SVK,INFRAINVEST,2013,324000000
SVK,INFRAINVEST,2014,276000000
SVK,INFRAINVEST,2015,295500000
SVK,INFRAINVEST,2016,131600000
SVK,INFRAINVEST,2017,231100000
SVK,INFRAINVEST,2018,279400000
SVK,INFRAINVEST,2020,176800000
SVK,INFRAINVEST,2021,220000000
ESP,INFRAINVEST,1995,767000000
ESP,INFRAINVEST,1996,816000000
ESP,INFRAINVEST,1997,686000000
ESP,INFRAINVEST,1998,944000000
ESP,INFRAINVEST,1999,1391000000
ESP,INFRAINVEST,2000,1840000000
ESP,INFRAINVEST,2001,2456000000
ESP,INFRAINVEST,2002,3652000000
ESP,INFRAINVEST,2003,3791000000
ESP,INFRAINVEST,2004,4368000000
ESP,INFRAINVEST,2005,5764000000
ESP,INFRAINVEST,2006,6336000000
ESP,INFRAINVEST,2007,8345000000
ESP,INFRAINVEST,2008,8981000000
ESP,INFRAINVEST,2009,8772000000
ESP,INFRAINVEST,2010,7669000000
ESP,INFRAINVEST,2011,7553000000
ESP,INFRAINVEST,2012,5350000000
ESP,INFRAINVEST,2013,2710000000
ESP,INFRAINVEST,2014,3042000000
ESP,INFRAINVEST,2015,2613000000
ESP,INFRAINVEST,2016,1657000000
ESP,INFRAINVEST,2017,2215000000
ESP,INFRAINVEST,2018,2168000000
ESP,INFRAINVEST,2019,2218000000
ESP,INFRAINVEST,2020,2380557000
ESP,INFRAINVEST,2021,2519000000
SWE,INFRAINVEST,1995,1141240880
SWE,INFRAINVEST,1996,1048663629
SWE,INFRAINVEST,1997,701081430.8
SWE,INFRAINVEST,1998,763652691.2
SWE,INFRAINVEST,1999,682390865.1
SWE,INFRAINVEST,2000,589990409.5
SWE,INFRAINVEST,2001,556846051.6
SWE,INFRAINVEST,2002,666120755.5
SWE,INFRAINVEST,2003,652316864.7
SWE,INFRAINVEST,2004,1093632877
SWE,INFRAINVEST,2005,1301085118
SWE,INFRAINVEST,2006,1250526839
SWE,INFRAINVEST,2007,1445790685
SWE,INFRAINVEST,2008,1536170699
SWE,INFRAINVEST,2009,1527973180
SWE,INFRAINVEST,2010,1655636908
SWE,INFRAINVEST,2011,1588351278
SWE,INFRAINVEST,2012,1570135643
SWE,INFRAINVEST,2013,1389931218
SWE,INFRAINVEST,2014,1480713210
SWE,INFRAINVEST,2015,1630006949
SWE,INFRAINVEST,2016,1501653058
SWE,INFRAINVEST,2017,1524982100
SWE,INFRAINVEST,2018,1424327513
SWE,INFRAINVEST,2019,1691537495
SWE,INFRAINVEST,2020,2080691450
SWE,INFRAINVEST,2021,2269044239
CHE,INFRAINVEST,1995,1079262375
CHE,INFRAINVEST,1996,1170131361
CHE,INFRAINVEST,1997,1231527094
CHE,INFRAINVEST,1998,1290302694
CHE,INFRAINVEST,1999,1342789303
CHE,INFRAINVEST,2000,1463054503
CHE,INFRAINVEST,2001,1643935381
CHE,INFRAINVEST,2002,2011995638
CHE,INFRAINVEST,2003,2004340107
CHE,INFRAINVEST,2004,2115795609
CHE,INFRAINVEST,2005,2191435768
CHE,INFRAINVEST,2006,2350772360
CHE,INFRAINVEST,2007,2329092348
CHE,INFRAINVEST,2008,2622393044
CHE,INFRAINVEST,2009,2888270746
CHE,INFRAINVEST,2010,3032122703
CHE,INFRAINVEST,2011,3410048622
CHE,INFRAINVEST,2012,3463867917
CHE,INFRAINVEST,2013,3665610529
CHE,INFRAINVEST,2014,3550139964
CHE,INFRAINVEST,2015,4193518172
CHE,INFRAINVEST,2016,3835993396
CHE,INFRAINVEST,2017,3120726880
CHE,INFRAINVEST,2018,3078188588
CHE,INFRAINVEST,2019,3434888110
CHE,INFRAINVEST,2020,3797066243
CHE,INFRAINVEST,2021,3666955699
TUR,INFRAINVEST,1995,45569983.31
TUR,INFRAINVEST,1996,48760639.53
TUR,INFRAINVEST,1997,61352822.16
TUR,INFRAINVEST,1998,67975136.52
TUR,INFRAINVEST,1999,81175661.81
TUR,INFRAINVEST,2000,72784261.55
TUR,INFRAINVEST,2001,58366606.17
TUR,INFRAINVEST,2002,72262916.03
TUR,INFRAINVEST,2003,124307773.9
TUR,INFRAINVEST,2004,302332038.1
TUR,INFRAINVEST,2005,260656851.6
TUR,INFRAINVEST,2006,469121748.8
TUR,INFRAINVEST,2007,554128512.3
TUR,INFRAINVEST,2008,785599307.9
TUR,INFRAINVEST,2009,802119964.9
TUR,INFRAINVEST,2010,1704488059
TUR,INFRAINVEST,2011,1698994433
TUR,INFRAINVEST,2012,1804048823
TUR,INFRAINVEST,2013,2435514628
TUR,INFRAINVEST,2014,1538468868
TUR,INFRAINVEST,2015,1228881461
TUR,INFRAINVEST,2016,1887199868
TUR,INFRAINVEST,2017,1968574999
TUR,INFRAINVEST,2018,1999028007
TUR,INFRAINVEST,2019,1973315978
TUR,INFRAINVEST,2020,2240818788
TUR,INFRAINVEST,2021,2184971147
GBR,INFRAINVEST,1995,2413751508
GBR,INFRAINVEST,1996,2734423006
GBR,INFRAINVEST,1997,3361247473
GBR,INFRAINVEST,1998,3910085773
GBR,INFRAINVEST,1999,4816444175
GBR,INFRAINVEST,2000,4874487285
GBR,INFRAINVEST,2001,5875542692
GBR,INFRAINVEST,2002,6749363868
GBR,INFRAINVEST,2003,7493857494
GBR,INFRAINVEST,2004,5450928382
GBR,INFRAINVEST,2005,5756689574
GBR,INFRAINVEST,2006,7939278381
GBR,INFRAINVEST,2007,7729667741
GBR,INFRAINVEST,2008,7538440678
GBR,INFRAINVEST,2009,6307135218
GBR,INFRAINVEST,2010,6387090422
GBR,INFRAINVEST,2011,7532693017
GBR,INFRAINVEST,2012,8765858710
GBR,INFRAINVEST,2013,8426350683
GBR,INFRAINVEST,2014,10306706349
GBR,INFRAINVEST,2015,14665633609
GBR,INFRAINVEST,2016,13511090487
GBR,INFRAINVEST,2017,13161511071
GBR,INFRAINVEST,2018,13542947559
GBR,INFRAINVEST,2019,13298360880
USA,INFRAINVEST,1995,4581799282
USA,INFRAINVEST,1996,4805825916
USA,INFRAINVEST,1997,5524402715
USA,INFRAINVEST,1998,6422038376
USA,INFRAINVEST,1999,6213885452
USA,INFRAINVEST,2000,6555047619
USA,INFRAINVEST,2001,6067826038
USA,INFRAINVEST,2002,5996811303
USA,INFRAINVEST,2003,5182507737
USA,INFRAINVEST,2004,5020800290
USA,INFRAINVEST,2005,5133460797
USA,INFRAINVEST,2006,6731067134
USA,INFRAINVEST,2007,6681006129
USA,INFRAINVEST,2008,6950411397
USA,INFRAINVEST,2009,7140505993
USA,INFRAINVEST,2010,7364202593
USA,INFRAINVEST,2011,8335915068
USA,INFRAINVEST,2012,10478064717
USA,INFRAINVEST,2013,9856139889
USA,INFRAINVEST,2014,11347989916
USA,INFRAINVEST,2015,15687248558
USA,INFRAINVEST,2016,12473273992
USA,INFRAINVEST,2017,11480135482
USA,INFRAINVEST,2018,10505663986
USA,INFRAINVEST,2019,11586756877
USA,INFRAINVEST,2020,9472531324
USA,INFRAINVEST,2021,8650612590
ALB,INFRAINVEST,1996,2684525.295
ALB,INFRAINVEST,1997,884116.1123
ALB,INFRAINVEST,1998,522044.5162
ALB,INFRAINVEST,1999,2075442.682
ALB,INFRAINVEST,2000,2051260.394
ALB,INFRAINVEST,2001,1401130.401
ALB,INFRAINVEST,2002,5600115.479
ALB,INFRAINVEST,2003,705423.7633
ALB,INFRAINVEST,2004,2059814.507
ALB,INFRAINVEST,2005,2343183.831
ALB,INFRAINVEST,2006,1243065.644
ALB,INFRAINVEST,2007,581968.6707
ALB,INFRAINVEST,2008,1376640.768
ALB,INFRAINVEST,2009,90816.62307
ALB,INFRAINVEST,2010,297787.0068
ALB,INFRAINVEST,2011,869495.8065
ALB,INFRAINVEST,2012,460305.4846
ALB,INFRAINVEST,2013,662869.0684
ALB,INFRAINVEST,2014,693103.6897
ALB,INFRAINVEST,2015,549354.1957
ALB,INFRAINVEST,2016,0
ALB,INFRAINVEST,2017,0
ALB,INFRAINVEST,2018,304952.3796
ALB,INFRAINVEST,2019,1079749.752
ALB,INFRAINVEST,2020,1502127.206
ALB,INFRAINVEST,2021,5462477.515
AZE,INFRAINVEST,1998,10380622.84
AZE,INFRAINVEST,1999,6832934.745
AZE,INFRAINVEST,2000,4840856.832
AZE,INFRAINVEST,2001,8393285.372
AZE,INFRAINVEST,2002,25027203.48
AZE,INFRAINVEST,2003,4501665.616
AZE,INFRAINVEST,2004,7366181.044
AZE,INFRAINVEST,2005,19526275.58
AZE,INFRAINVEST,2006,11592652.04
AZE,INFRAINVEST,2007,3401939.105
AZE,INFRAINVEST,2008,10753577.63
AZE,INFRAINVEST,2009,2679049.83
AZE,INFRAINVEST,2010,2817165.931
AZE,INFRAINVEST,2011,2729754.322
AZE,INFRAINVEST,2012,2960331.557
AZE,INFRAINVEST,2013,3838771.593
AZE,INFRAINVEST,2014,3837666.699
AZE,INFRAINVEST,2015,1762269.804
AZE,INFRAINVEST,2016,1133465.571
AZE,INFRAINVEST,2017,1029707.048
AZE,INFRAINVEST,2018,3485014.438
AZE,INFRAINVEST,2019,525403.247
AZE,INFRAINVEST,2020,515410.7824
AZE,INFRAINVEST,2021,0
BGR,INFRAINVEST,1995,45506257.11
BGR,INFRAINVEST,1996,26905829.6
BGR,INFRAINVEST,1997,13704406.49
BGR,INFRAINVEST,1998,22851919.56
BGR,INFRAINVEST,1999,21474588.4
BGR,INFRAINVEST,2000,77876831.64
BGR,INFRAINVEST,2001,77507442.77
BGR,INFRAINVEST,2002,50790067.72
BGR,INFRAINVEST,2003,26167265.26
BGR,INFRAINVEST,2004,31230800.74
BGR,INFRAINVEST,2005,45505675.43
BGR,INFRAINVEST,2006,39370078.74
BGR,INFRAINVEST,2007,44483075.98
BGR,INFRAINVEST,2008,71581961.35
BGR,INFRAINVEST,2009,49596073.22
BGR,INFRAINVEST,2010,129870129.9
BGR,INFRAINVEST,2011,89988751.41
BGR,INFRAINVEST,2012,114019838.4
BGR,INFRAINVEST,2013,123734533.2
BGR,INFRAINVEST,2014,167195009.7
BGR,INFRAINVEST,2015,301155537.4
BGR,INFRAINVEST,2016,153389917.2
BGR,INFRAINVEST,2017,92033950.3
BGR,INFRAINVEST,2018,96124348.09
BGR,INFRAINVEST,2019,124245832.9
BGR,INFRAINVEST,2020,171285407.5
BGR,INFRAINVEST,2021,166172410.3
HRV,INFRAINVEST,1995,7168039.322
HRV,INFRAINVEST,1996,13337585.9
HRV,INFRAINVEST,1997,29515008.24
HRV,INFRAINVEST,1998,25402439.2
HRV,INFRAINVEST,1999,24806692.53
HRV,INFRAINVEST,2000,19228756.8
HRV,INFRAINVEST,2001,20979768.55
HRV,INFRAINVEST,2002,36423483.7
HRV,INFRAINVEST,2003,104363449
HRV,INFRAINVEST,2004,128160674.3
HRV,INFRAINVEST,2005,93757177.02
HRV,INFRAINVEST,2006,121503365.2
HRV,INFRAINVEST,2007,92258213.98
HRV,INFRAINVEST,2008,125688657.6
HRV,INFRAINVEST,2009,98211488.43
HRV,INFRAINVEST,2010,83416795.86
HRV,INFRAINVEST,2011,80528070.55
HRV,INFRAINVEST,2012,61824418.65
HRV,INFRAINVEST,2013,183137617.1
HRV,INFRAINVEST,2014,130720666.4
HRV,INFRAINVEST,2015,60021013.92
HRV,INFRAINVEST,2016,44329418.01
HRV,INFRAINVEST,2017,62563635.39
HRV,INFRAINVEST,2018,99621196.8
HRV,INFRAINVEST,2019,128198215.2
HRV,INFRAINVEST,2020,126154091.1
HRV,INFRAINVEST,2021,140654261.5
EST,INFRAINVEST,1995,4000000
EST,INFRAINVEST,1996,0
EST,INFRAINVEST,1997,0
EST,INFRAINVEST,1998,15000000
EST,INFRAINVEST,1999,24000000
EST,INFRAINVEST,2000,19000000
EST,INFRAINVEST,2001,15000000
EST,INFRAINVEST,2002,18000000
EST,INFRAINVEST,2003,16000000
EST,INFRAINVEST,2004,20000000
EST,INFRAINVEST,2005,20000000
EST,INFRAINVEST,2006,21000000
EST,INFRAINVEST,2007,30000000
EST,INFRAINVEST,2008,23000000
EST,INFRAINVEST,2009,37000000
EST,INFRAINVEST,2010,35000000
EST,INFRAINVEST,2011,94000000
EST,INFRAINVEST,2012,47700000
EST,INFRAINVEST,2013,26500000
EST,INFRAINVEST,2014,15500000
EST,INFRAINVEST,2015,13100000
EST,INFRAINVEST,2016,14500000
EST,INFRAINVEST,2017,13800000
EST,INFRAINVEST,2018,26400000
EST,INFRAINVEST,2019,31500000
EST,INFRAINVEST,2020,32000000
EST,INFRAINVEST,2021,60000000
GEO,INFRAINVEST,2002,41471765.44
GEO,INFRAINVEST,2003,18963598.14
GEO,INFRAINVEST,2004,10915197.31
GEO,INFRAINVEST,2005,14178112.54
GEO,INFRAINVEST,2006,61756018.97
GEO,INFRAINVEST,2007,211984789.5
GEO,INFRAINVEST,2008,48437214.4
GEO,INFRAINVEST,2009,91253818
GEO,INFRAINVEST,2010,83384277.97
GEO,INFRAINVEST,2011,266775528
GEO,INFRAINVEST,2012,243833586.4
GEO,INFRAINVEST,2013,62659342.12
GEO,INFRAINVEST,2014,76544603.55
GEO,INFRAINVEST,2015,88229139.27
GEO,INFRAINVEST,2016,88687246.86
GEO,INFRAINVEST,2017,46845968.78
GEO,INFRAINVEST,2018,54016355.86
GEO,INFRAINVEST,2019,42056254.18
IND,INFRAINVEST,2004,2330943045
IND,INFRAINVEST,2005,2811425697
IND,INFRAINVEST,2006,3223047287
IND,INFRAINVEST,2007,3927094512
IND,INFRAINVEST,2008,4663260212
IND,INFRAINVEST,2009,4723696612
IND,INFRAINVEST,2010,5149561183
IND,INFRAINVEST,2011,4944379163
IND,INFRAINVEST,2012,6075867422
IND,INFRAINVEST,2013,5928516619
IND,INFRAINVEST,2014,8786181249
IND,INFRAINVEST,2015,9643918863
IND,INFRAINVEST,2016,9890866187
IND,INFRAINVEST,2017,10368632929
LVA,INFRAINVEST,1995,7000000
LVA,INFRAINVEST,1996,9000000
LVA,INFRAINVEST,1997,17000000
LVA,INFRAINVEST,1998,21000000
LVA,INFRAINVEST,1999,19000000
LVA,INFRAINVEST,2000,24000000
LVA,INFRAINVEST,2001,19000000
LVA,INFRAINVEST,2002,24000000
LVA,INFRAINVEST,2003,32000000
LVA,INFRAINVEST,2004,29000000
LVA,INFRAINVEST,2005,35000000
LVA,INFRAINVEST,2006,29000000
LVA,INFRAINVEST,2007,36000000
LVA,INFRAINVEST,2008,63000000
LVA,INFRAINVEST,2009,63000000
LVA,INFRAINVEST,2010,73000000
LVA,INFRAINVEST,2011,53000000
LVA,INFRAINVEST,2012,102000000
LVA,INFRAINVEST,2013,77000000
LVA,INFRAINVEST,2014,136000000
LVA,INFRAINVEST,2015,209000000
LVA,INFRAINVEST,2016,24400000
LVA,INFRAINVEST,2017,23500000
LVA,INFRAINVEST,2018,20900000
LVA,INFRAINVEST,2019,26505000
LVA,INFRAINVEST,2020,48520000
LVA,INFRAINVEST,2021,83590000
LIE,INFRAINVEST,1995,
LIE,INFRAINVEST,1996,
LIE,INFRAINVEST,1997,
LIE,INFRAINVEST,1998,
LIE,INFRAINVEST,1999,
LIE,INFRAINVEST,2000,
LIE,INFRAINVEST,2001,
LIE,INFRAINVEST,2002,
LIE,INFRAINVEST,2003,
LIE,INFRAINVEST,2004,
LIE,INFRAINVEST,2005,
LIE,INFRAINVEST,2006,
LIE,INFRAINVEST,2007,
LIE,INFRAINVEST,2008,
LIE,INFRAINVEST,2009,
LIE,INFRAINVEST,2010,
LIE,INFRAINVEST,2011,
LIE,INFRAINVEST,2012,
LIE,INFRAINVEST,2013,
LIE,INFRAINVEST,2014,
LIE,INFRAINVEST,2015,
LIE,INFRAINVEST,2016,
LIE,INFRAINVEST,2017,
LIE,INFRAINVEST,2018,
LIE,INFRAINVEST,2019,
LIE,INFRAINVEST,2020,
LIE,INFRAINVEST,2021,
LTU,INFRAINVEST,1995,4000000
LTU,INFRAINVEST,1996,17000000
LTU,INFRAINVEST,1997,22000000
LTU,INFRAINVEST,1998,29000000
LTU,INFRAINVEST,1999,19000000
LTU,INFRAINVEST,2000,18000000
LTU,INFRAINVEST,2001,25000000
LTU,INFRAINVEST,2002,58000000
LTU,INFRAINVEST,2003,85000000
LTU,INFRAINVEST,2004,70000000
LTU,INFRAINVEST,2005,68000000
LTU,INFRAINVEST,2006,50000000
LTU,INFRAINVEST,2007,76000000
LTU,INFRAINVEST,2008,85000000
LTU,INFRAINVEST,2009,67000000
LTU,INFRAINVEST,2010,107000000
LTU,INFRAINVEST,2011,116000000
LTU,INFRAINVEST,2012,140000000
LTU,INFRAINVEST,2013,139000000
LTU,INFRAINVEST,2014,264000000
LTU,INFRAINVEST,2015,180000000
LTU,INFRAINVEST,2016,70000000
LTU,INFRAINVEST,2017,49000000
LTU,INFRAINVEST,2018,65000000
LTU,INFRAINVEST,2019,86000000
LTU,INFRAINVEST,2020,174000000
LTU,INFRAINVEST,2021,109000000
MKD,INFRAINVEST,1995,25589077.65
MKD,INFRAINVEST,1996,29017460.4
MKD,INFRAINVEST,1997,18572135.74
MKD,INFRAINVEST,1998,15722806.91
MKD,INFRAINVEST,1999,12949970.22
MKD,INFRAINVEST,2000,9748867.847
MKD,INFRAINVEST,2001,8372706.945
MKD,INFRAINVEST,2002,8626047.712
MKD,INFRAINVEST,2003,2676943.518
MKD,INFRAINVEST,2004,81518.85939
MKD,INFRAINVEST,2005,1354034.288
MKD,INFRAINVEST,2006,882498.5823
MKD,INFRAINVEST,2007,588384.313
MKD,INFRAINVEST,2008,5468030.791
MKD,INFRAINVEST,2009,3231191.771
MKD,INFRAINVEST,2010,2243406.336
MKD,INFRAINVEST,2011,455072.1858
MKD,INFRAINVEST,2012,601314.1151
MKD,INFRAINVEST,2013,2614311.161
MKD,INFRAINVEST,2014,3342820.886
MKD,INFRAINVEST,2015,6070689.445
MKD,INFRAINVEST,2016,7971322.72
MKD,INFRAINVEST,2017,5642865.379
MKD,INFRAINVEST,2018,6270201.376
MKD,INFRAINVEST,2019,12639258.09
MKD,INFRAINVEST,2020,4929103.6
MKD,INFRAINVEST,2021,11276055.86
MLT,INFRAINVEST,1995,
MLT,INFRAINVEST,1996,
MLT,INFRAINVEST,1997,
MLT,INFRAINVEST,1998,
MLT,INFRAINVEST,1999,
MLT,INFRAINVEST,2000,
MLT,INFRAINVEST,2001,
MLT,INFRAINVEST,2002,
MLT,INFRAINVEST,2003,
MLT,INFRAINVEST,2004,
MLT,INFRAINVEST,2005,
MLT,INFRAINVEST,2006,
MLT,INFRAINVEST,2007,
MLT,INFRAINVEST,2008,
MLT,INFRAINVEST,2009,
MLT,INFRAINVEST,2010,
MLT,INFRAINVEST,2011,
MLT,INFRAINVEST,2012,
MLT,INFRAINVEST,2013,
MLT,INFRAINVEST,2014,
MLT,INFRAINVEST,2015,
MLT,INFRAINVEST,2016,
MLT,INFRAINVEST,2017,
MLT,INFRAINVEST,2018,
MLT,INFRAINVEST,2019,
MLT,INFRAINVEST,2020,
MLT,INFRAINVEST,2021,
MDA,INFRAINVEST,1995,4589105.125
MDA,INFRAINVEST,1996,4106073.567
MDA,INFRAINVEST,1997,4766171.62
MDA,INFRAINVEST,1998,3305621.209
MDA,INFRAINVEST,1999,894734.4875
MDA,INFRAINVEST,2000,1305335.341
MDA,INFRAINVEST,2001,1909655.915
MDA,INFRAINVEST,2002,7869598.417
MDA,INFRAINVEST,2003,10408667.12
MDA,INFRAINVEST,2004,5606623.639
MDA,INFRAINVEST,2005,9374282.58
MDA,INFRAINVEST,2006,6427436.665
MDA,INFRAINVEST,2007,10474671.16
MDA,INFRAINVEST,2008,24542206.05
MDA,INFRAINVEST,2009,8454121.868
MDA,INFRAINVEST,2010,7255124.313
MDA,INFRAINVEST,2011,7164420.386
MDA,INFRAINVEST,2012,10407364.82
MDA,INFRAINVEST,2013,12797435.73
MDA,INFRAINVEST,2014,4511544.721
MDA,INFRAINVEST,2015,4480050.598
MDA,INFRAINVEST,2016,1034266.895
MDA,INFRAINVEST,2017,998003.992
MDA,INFRAINVEST,2018,1219364.721
MDA,INFRAINVEST,2019,711602.6817
MDA,INFRAINVEST,2020,354358.6109
MDA,INFRAINVEST,2021,191160.7279
ROU,INFRAINVEST,1995,70422535.21
ROU,INFRAINVEST,1996,50263885.4
ROU,INFRAINVEST,1997,43268636.42
ROU,INFRAINVEST,1998,46403712.3
ROU,INFRAINVEST,1999,30083497.05
ROU,INFRAINVEST,2000,43140205.67
ROU,INFRAINVEST,2001,56901191.85
ROU,INFRAINVEST,2002,106246799.8
ROU,INFRAINVEST,2003,98809492.1
ROU,INFRAINVEST,2004,57742134.48
ROU,INFRAINVEST,2005,109043727.9
ROU,INFRAINVEST,2006,101861309.7
ROU,INFRAINVEST,2007,310674376.1
ROU,INFRAINVEST,2008,316232356.1
ROU,INFRAINVEST,2009,177375224.1
ROU,INFRAINVEST,2010,168859545
ROU,INFRAINVEST,2011,161374038.6
ROU,INFRAINVEST,2012,117763172.7
ROU,INFRAINVEST,2013,208856606.2
ROU,INFRAINVEST,2014,277659023.9
ROU,INFRAINVEST,2015,321920273.6
ROU,INFRAINVEST,2016,262091386.8
ROU,INFRAINVEST,2017,214503031.5
ROU,INFRAINVEST,2018,182853459.4
RUS,INFRAINVEST,1996,1495668631
RUS,INFRAINVEST,1997,1736313326
RUS,INFRAINVEST,1998,964268268.4
RUS,INFRAINVEST,1999,1180780554
RUS,INFRAINVEST,2000,2603664235
RUS,INFRAINVEST,2001,3271690110
RUS,INFRAINVEST,2002,2046399509
RUS,INFRAINVEST,2003,3231072457
RUS,INFRAINVEST,2004,3646100451
RUS,INFRAINVEST,2005,4016900072
RUS,INFRAINVEST,2006,4168733386
RUS,INFRAINVEST,2007,5434079847
RUS,INFRAINVEST,2008,9488821437
RUS,INFRAINVEST,2009,6574392816
RUS,INFRAINVEST,2010,9052977995
RUS,INFRAINVEST,2011,9869977720
RUS,INFRAINVEST,2012,11193950762
RUS,INFRAINVEST,2013,9786916953
RUS,INFRAINVEST,2014,6474551311
RUS,INFRAINVEST,2015,5022319785
RUS,INFRAINVEST,2016,4830404644
RUS,INFRAINVEST,2017,3608852029
RUS,INFRAINVEST,2018,4355181801
RUS,INFRAINVEST,2019,6677866237
RUS,INFRAINVEST,2020,5305295682
SVN,INFRAINVEST,2000,16000000
SVN,INFRAINVEST,2001,15000000
SVN,INFRAINVEST,2002,20000000
SVN,INFRAINVEST,2003,21000000
SVN,INFRAINVEST,2004,59000000
SVN,INFRAINVEST,2005,42000000
SVN,INFRAINVEST,2006,13000000
SVN,INFRAINVEST,2007,62000000
SVN,INFRAINVEST,2008,96000000
SVN,INFRAINVEST,2009,72000000
SVN,INFRAINVEST,2010,131000000
SVN,INFRAINVEST,2011,106000000
SVN,INFRAINVEST,2012,72000000
SVN,INFRAINVEST,2013,140000000
SVN,INFRAINVEST,2014,270000000
SVN,INFRAINVEST,2015,376000000
SVN,INFRAINVEST,2016,84400000
SVN,INFRAINVEST,2017,100000000
SVN,INFRAINVEST,2018,153000000
SVN,INFRAINVEST,2019,208000000
SVN,INFRAINVEST,2020,189000000
SVN,INFRAINVEST,2021,377000000
SRB,INFRAINVEST,1999,16437275.36
SRB,INFRAINVEST,2000,2935977.829
SRB,INFRAINVEST,2001,3619717.527
SRB,INFRAINVEST,2002,6195378.511
SRB,INFRAINVEST,2003,5070791.32
SRB,INFRAINVEST,2004,4409760.454
SRB,INFRAINVEST,2005,4369711.382
SRB,INFRAINVEST,2006,3943901.564
SRB,INFRAINVEST,2007,2175511.245
SRB,INFRAINVEST,2008,2382168.608
SRB,INFRAINVEST,2009,5662634.7
SRB,INFRAINVEST,2010,12246183.27
SRB,INFRAINVEST,2011,6992622.93
SRB,INFRAINVEST,2012,2947849.619
SRB,INFRAINVEST,2013,9329480.096
SRB,INFRAINVEST,2014,11773638.99
SRB,INFRAINVEST,2015,83081376.99
SRB,INFRAINVEST,2016,73320989.95
SRB,INFRAINVEST,2017,45016093.07
SRB,INFRAINVEST,2018,68347243.23
SRB,INFRAINVEST,2019,139061696.4
SRB,INFRAINVEST,2020,161393761.7
SRB,INFRAINVEST,2021,315021505.2
MNE,INFRAINVEST,1995,128.6285457
MNE,INFRAINVEST,1996,367.5101306
MNE,INFRAINVEST,1997,255.1570335
MNE,INFRAINVEST,1998,0
MNE,INFRAINVEST,1999,710.344581
MNE,INFRAINVEST,2000,0
MNE,INFRAINVEST,2001,0
ARM,INFRAINVEST,2008,24323246.76
ARM,INFRAINVEST,2009,53176667.53
ARM,INFRAINVEST,2010,42656887.51
ARM,INFRAINVEST,2011,26377717.6
ARM,INFRAINVEST,2012,23882677.86
ARM,INFRAINVEST,2013,11672457.89
ARM,INFRAINVEST,2014,12014666.77
ARM,INFRAINVEST,2015,12385037.63
ARM,INFRAINVEST,2016,5638192.325
CHN,INFRAINVEST,1995,4240335636
CHN,INFRAINVEST,1997,5279072018
CHN,INFRAINVEST,1998,6851483194
CHN,INFRAINVEST,1999,7712355358
CHN,INFRAINVEST,2000,8811444011
CHN,INFRAINVEST,2001,9296277374
CHN,INFRAINVEST,2004,8229686735
CHN,INFRAINVEST,2005,12447847574
CHN,INFRAINVEST,2006,19649052829
CHN,INFRAINVEST,2007,23935236303
CHN,INFRAINVEST,2008,40094043625
CHN,INFRAINVEST,2009,70183376184
CHN,INFRAINVEST,2010,85005375986
CHN,INFRAINVEST,2011,65833781222
CHN,INFRAINVEST,2012,75538542430
CHN,INFRAINVEST,2013,81347409867
CHN,INFRAINVEST,2014,94554260064
CHN,INFRAINVEST,2015,1.12E+11
CHN,INFRAINVEST,2016,1.05E+11
CHN,INFRAINVEST,2017,1.05E+11
CHN,INFRAINVEST,2018,97308264695
CHN,INFRAINVEST,2019,95008721360
CHN,INFRAINVEST,2020,91375186834
CHN,INFRAINVEST,2021,92516632674
NZL,INFRAINVEST,2007,59590916.41
NZL,INFRAINVEST,2008,150476139.2
NZL,INFRAINVEST,2009,71940602.24
NZL,INFRAINVEST,2010,181166812.2
NZL,INFRAINVEST,2011,227824469.5
NZL,INFRAINVEST,2012,170063096.1
NZL,INFRAINVEST,2013,207133855.5
NZL,INFRAINVEST,2014,216023234.2
NZL,INFRAINVEST,2015,305329595
NZL,INFRAINVEST,2016,72580497.94
NZL,INFRAINVEST,2017,152913872.8
NZL,INFRAINVEST,2018,226714030.2
NZL,INFRAINVEST,2019,158967915.1
NZL,INFRAINVEST,2020,137146265.1
NZL,INFRAINVEST,2021,163871579.7
BLR,INFRAINVEST,2005,142111152.6
BLR,INFRAINVEST,2006,154103230.6
BLR,INFRAINVEST,2007,178110129.2
BLR,INFRAINVEST,2008,207895574.7
BLR,INFRAINVEST,2009,188383449
BLR,INFRAINVEST,2010,263797468.4
BLR,INFRAINVEST,2011,389631135.6
BLR,INFRAINVEST,2012,530465615.4
BLR,INFRAINVEST,2013,379099923.7
BLR,INFRAINVEST,2014,297066194.9
BLR,INFRAINVEST,2015,188880081.5
BLR,INFRAINVEST,2016,96557362.16
BLR,INFRAINVEST,2017,180519302.1
BLR,INFRAINVEST,2018,89832058.53
BLR,INFRAINVEST,2019,236178115.5
UZB,INFRAINVEST,2019,375133976.4
UZB,INFRAINVEST,2020,371506177.2
UZB,INFRAINVEST,2021,446134347.3
